Source Name (FA),Source Name (EN),Main Category,Sub Category,Country,Language,Website,Main RSS Feed,Politics RSS,Economy RSS,Technology RSS,Sports RSS,Other RSS Feeds
بی‌بی‌سی نیوز,BBC News,خبرگزاری,عمومی,بریتانیا,انگلیسی,https://www.bbc.com,http://feeds.bbci.co.uk/news/rss.xml,http://feeds.bbci.co.uk/news/politics/rss.xml,,http://feeds.bbci.co.uk/news/technology/rss.xml,http://feeds.bbci.co.uk/news/sport/rss.xml,
سی‌ان‌ان,CNN,خبرگزاری,عمومی,آمریکا,انگلیسی,https://www.cnn.com,http://rss.cnn.com/rss/edition.rss,,http://rss.cnn.com/rss/money_news_international.rss,http://rss.cnn.com/rss/edition_technology.rss,,
الجزیره,Al Jazeera,خبرگزاری,منطقه‌ای/عمومی,قطر,انگلیسی/عربی,https://www.aljazeera.com,https://www.aljazeera.com/xml/rss/all.xml,,,,,
رویترز,Reuters,خبرگزاری,اقتصادی/عمومی,بریتانیا,انگلیسی,https://www.reuters.com,https://openrss.org/reuters.com/world,,https://openrss.org/reuters.com/business,,,
آسوشیتد پرس,Associated Press (AP),خبرگزاری,عمومی,آمریکا,انگلیسی,https://apnews.com,http://associated-press.s3-website-us-east-1.amazonaws.com/topnews.xml,,,,,
فرانس پرس,AFP,خبرگزاری,عمومی,فرانسه,فرانسوی/انگلیسی,https://www.afp.com,https://openrss.org/afp.com,,,,,
بلومبرگ,Bloomberg,خبرگزاری,اقتصادی,آمریکا,انگلیسی,https://www.bloomberg.com,https://www.bloomberg.com/politics/feeds/site.xml,,https://www.bloomberg.com/feeds/bview/rss,,,
دویچه وله,DW (Deutsche Welle),خبرگزاری,عمومی,آلمان,آلمانی/انگلیسی,https://www.dw.com,https://rss.dw.com/xml/rss-en-all,,https://rss.dw.com/xml/rss-en-bus,,,
فرانس ۲۴,France 24,خبرگزاری,عمومی,فرانسه,فرانسوی/انگلیسی,https://www.france24.com,https://www.france24.com/en/rss,,,,,
ان‌اچ‌کی ورد,NHK World,خبرگزاری,عمومی,ژاپن,ژاپنی/انگلیسی,https://www3.nhk.or.jp/nhkworld/,https://www3.nhk.or.jp/nhkworld/rd/rss/english.xml,,,,,
تاس,TASS,خبرگزاری,عمومی,روسیه,روسی/انگلیسی,https://tass.com,https://tass.com/rss/v2.xml,,https://tass.com/rss/v2.xml?section=economy,,,
شینهوا,Xinhua,خبرگزاری,عمومی,چین,چینی/انگلیسی,http://www.xinhuanet.com/english/,http://www.xinhuanet.com/english/rss/worldrss.xml,,,,,
ای‌ان‌آی نیوز,ANI News,خبرگزاری,منطقه‌ای,هند,انگلیسی,https://www.aninews.in,https://aninews.in/rss/feed/category/national/politics.xml,,,,,
افه,EFE,خبرگزاری,عمومی,اسپانیا,اسپانیایی,https://www.efe.com,https://www.efe.com/efe/english/4/rss,,,,,
نیویورک تایمز,The New York Times,روزنامه,عمومی,آمریکا,انگلیسی,https://www.nytimes.com,https://rss.nytimes.com/services/xml/rss/nyt/HomePage.xml,https://rss.nytimes.com/services/xml/rss/nyt/Politics.xml,,https://rss.nytimes.com/services/xml/rss/nyt/Technology.xml,,
گاردین,The Guardian,روزنامه,عمومی,بریتانیا,انگلیسی,https://www.theguardian.com,https://www.theguardian.com/world/rss,,https://www.theguardian.com/business/rss,,,
واشینگتن پست,The Washington Post,روزنامه,سیاسی,آمریکا,انگلیسی,https://www.washingtonpost.com,https://feeds.washingtonpost.com/rss/world,https://feeds.washingtonpost.com/rss/politics,https://feeds.washingtonpost.com/rss/business,,,
فایننشال تایمز,Financial Times,روزنامه,اقتصادی,بریتانیا,انگلیسی,https://www.ft.com,https://www.ft.com/rss/home,,https://www.ft.com/markets?format=rss,,,
اکونومیست,The Economist,تحلیلی,اقتصادی/سیاسی,بریتانیا,انگلیسی,https://www.economist.com,https://www.economist.com/business-and-finance/rss.xml,,,http://www.economist.com/feeds/print-sections/80/science-and-technology.xml,,
وال استریت ژورنال,Wall Street Journal,روزنامه,اقتصادی,آمریکا,انگلیسی,https://www.wsj.com,https://feeds.a.dj.com/rss/RSSWorldNews.xml,,https://feeds.a.dj.com/rss/RSSMarketsMain.xml,,,
لوموند,Le Monde,روزنامه,عمومی,فرانسه,فرانسوی,https://www.lemonde.fr,https://www.lemonde.fr/rss/une.xml,,,,,
اشپیگل,Der Spiegel,تحلیلی,عمومی,آلمان,آلمانی,https://www.spiegel.de,https://www.spiegel.de/schlagzeilen/index.rss,,,,,
ال پائیس,El País,روزنامه,عمومی,اسپانیا,اسپانیایی,https://elpais.com,https://feeds.elpais.com/mrss-s/pages/ep/site/elpais.com/portada,,,,,
ساوت چاینا مورنینگ پست,South China Morning Post,روزنامه,منطقه‌ای,هنگ‌کنگ,انگلیسی,https://www.scmp.com,https://www.scmp.com/rss/5/feed,,https://www.scmp.com/rss/92/feed,,,
ایندیپندنت,The Independent,روزنامه,عمومی,بریتانیا,انگلیسی,https://www.independent.co.uk,https://www.independent.co.uk/news/world/rss,,https://www.independent.co.uk/news/business/rss,,,
تلگراف,The Telegraph,روزنامه,عمومی,بریتانیا,انگلیسی,https://www.telegraph.co.uk,https://www.telegraph.co.uk/rss.xml,,,,,
فرانکفورتر آلگماینه,Frankfurter Allgemeine,روزنامه,عمومی,آلمان,آلمانی,https://www.faz.net,https://www.faz.net/rss/aktuell/,,https://www.faz.net/rss/aktuell/wirtschaft/,,,
لا رپوبلیکا,La Repubblica,روزنامه,عمومی,ایتالیا,ایتالیایی,https://www.repubblica.it,https://www.repubblica.it/rss/homepage/rss2.0.xml,https://www.repubblica.it/rss/politica/rss2.0.xml,,,,
فوربز,Forbes,تحلیلی,اقتصادی,آمریکا,انگلیسی,https://www.forbes.com,https://www.forbes.com/business/feed/,,https://www.forbes.com/investing/feed/,,,
شورای روابط خارجی,Council on Foreign Relations (CFR),تحلیلی,سیاست خارجی,آمریکا,انگلیسی,https://www.cfr.org,https://www.cfr.org/rss,,,,,
مؤسسه بروکینگز,Brookings Institution,تحلیلی,سیاست عمومی,آمریکا,انگلیسی,https://www.brookings.edu,https://www.brookings.edu/feed/,https://www.brookings.edu/topic/foreign-policy/feed/,https://www.brookings.edu/topic/global-economy/feed/,,,
شرکت رند,RAND Corporation,تحلیلی,امنیت/دفاع,آمریکا,انگلیسی,https://www.rand.org,https://www.rand.org/pubs.xml,,,,,
چتم هاوس,Chatham House,تحلیلی,روابط بین‌الملل,بریتانیا,انگلیسی,https://www.chathamhouse.org,https://www.chathamhouse.org/rss.xml,,,,,
موقوفه کارنگی,Carnegie Endowment,تحلیلی,صلح و امنیت,آمریکا,انگلیسی,https://carnegieendowment.org,https://carnegieendowment.org/rss/all,,,,,
مرکز ویلسون,Wilson Center,تحلیلی,سیاست جهانی,آمریکا,انگلیسی,https://www.wilsoncenter.org,https://www.wilsoncenter.org/rss/news,,,,,
مؤسسه مطالعات استراتژیک,IISS,تحلیلی,نظامی/دفاعی,بریتانیا,انگلیسی,https://www.iiss.org,https://www.iiss.org/rss/commentary,,,,,
فارن پالیسی,Foreign Policy,تحلیلی,سیاست خارجی,آمریکا,انگلیسی,https://foreignpolicy.com,https://foreignpolicy.com/feed/,,,,,
فارن افرز,Foreign Affairs,تحلیلی,روابط بین‌الملل,آمریکا,انگلیسی,https://www.foreignaffairs.com,https://www.foreignaffairs.com/rss.xml,,,,,
آتلانتیک,The Atlantic,تحلیلی,سیاست/فرهنگ,آمریکا,انگلیسی,https://www.theatlantic.com,https://www.theatlantic.com/feed/all/,https://www.theatlantic.com/feed/channel/politics/,,,,
پراجکت سندیکیت,Project Syndicate,تحلیلی,اقتصاد/سیاست,چک,انگلیسی,https://www.project-syndicate.org,https://www.project-syndicate.org/rss,,,,,
استراتفور,Stratfor,تحلیلی,ژئوپلیتیک,آمریکا,انگلیسی,https://worldview.stratfor.com,https://www.ranenetwork.com/feed,,,,,
سیپری,SIPRI,تحلیلی,تسلیحات/صلح,سوئد,انگلیسی,https://www.sipri.org,https://www.sipri.org/rss.xml,,,,,
سی‌اس‌آی‌اس,CSIS,تحلیلی,امنیت ملی,آمریکا,انگلیسی,https://www.csis.org,https://www.csis.org/rss.xml,,,,,
شورای روابط خارجی اروپا,ECFR,تحلیلی,سیاست اروپا,اتحادیه اروپا,انگلیسی,https://ecfr.eu,https://ecfr.eu/feed/,,,,,
گروه بحران,Crisis Group,تحلیلی,حل منازعه,بلژیک,انگلیسی,https://www.crisisgroup.org,https://www.crisisgroup.org/rss.xml,,,,,
سی‌ان‌بی‌سی,CNBC,خبرگزاری,اقتصادی,آمریکا,انگلیسی,https://www.cnbc.com,https://www.cnbc.com/id/100003114/device/rss/rss.html,,https://www.cnbc.com/id/10000664/device/rss/rss.html,,,
مارکت واچ,MarketWatch,تحلیلی,اقتصادی,آمریکا,انگلیسی,https://www.marketwatch.com,http://feeds.marketwatch.com/marketwatch/topstories/,,http://feeds.marketwatch.com/marketwatch/marketupdate/,,,
سیکینگ آلفا,Seeking Alpha,تحلیلی,سرمایه‌گذاری,آمریکا,انگلیسی,https://seekingalpha.com,https://seekingalpha.com/market_news.xml,,https://seekingalpha.com/analysis.xml,,,
اینوستینگ,Investing.com,تحلیلی,اقتصادی,بین‌المللی,انگلیسی,https://www.investing.com,https://www.investing.com/rss/news.rss,,https://www.investing.com/rss/news_25.rss,,,
ماتلی فول,The Motley Fool,تحلیلی,سرمایه‌گذاری,آمریکا,انگلیسی,https://www.fool.com,https://www.fool.com/about/rss-feeds/,,,,,
زیرو هج,ZeroHedge,تحلیلی,اقتصادی,آمریکا,انگلیسی,https://www.zerohedge.com,http://feeds.feedburner.com/zerohedge/feed,,,,,
بارونز,Barron's,تحلیلی,اقتصادی,آمریکا,انگلیسی,https://www.barrons.com,https://www.barrons.com/feed,,,,,
فورچون,Fortune,تحلیلی,اقتصادی,آمریکا,انگلیسی,https://fortune.com,https://fortune.com/feed/,,,,,
بیزنس اینسایدر,Business Insider,خبرگزاری,اقتصادی/تکنولوژی,آمریکا,انگلیسی,https://www.businessinsider.com,https://www.businessinsider.com/rss,,https://www.businessinsider.com/finance/rss,,,
اچ‌بی‌آر,HBR (Harvard Business Review),تحلیلی,مدیریت,آمریکا,انگلیسی,https://hbr.org,https://hbr.org/rss/management,,https://hbr.org/topic/economy?format=rss,,,
صندوق بین‌المللی پول,IMF Blog,تحلیلی,اقتصادی,بین‌المللی,انگلیسی,https://www.imf.org,https://www.imf.org/en/Blogs/RSS,,,,,
بانک جهانی,World Bank Blog,تحلیلی,توسعه/اقتصاد,بین‌المللی,انگلیسی,https://worldbank.org,https://blogs.worldbank.org/en/rss.xml,,,,,
یاهو فایننس,Yahoo Finance,خبرگزاری,اقتصادی,آمریکا,انگلیسی,https://finance.yahoo.com,https://finance.yahoo.com/news/rssindex,,,,,
تک‌کرانچ,TechCrunch,فناوری,استارتاپ,آمریکا,انگلیسی,https://techcrunch.com,https://techcrunch.com/feed/,,,https://techcrunch.com/category/artificial-intelligence/feed/,,
وایرد,Wired,فناوری,فرهنگ دیجیتال,آمریکا,انگلیسی,https://www.wired.com,https://www.wired.com/feed/rss,,,https://www.wired.com/feed/category/security/latest/rss,,
ورج,The Verge,فناوری,گجت/سیاست,آمریکا,انگلیسی,https://www.theverge.com,https://www.theverge.com/rss/index.xml,,,https://www.theverge.com/policy/rss/index.xml,,
آرس تکنیکا,Ars Technica,فناوری,تحلیل فنی,آمریکا,انگلیسی,https://arstechnica.com,https://feeds.arstechnica.com/arstechnica/index,,,,,
ام‌آی‌تی تک ریویو,MIT Tech Review,فناوری,نوآوری,آمریکا,انگلیسی,https://www.technologyreview.com,https://www.technologyreview.com/feed/,,,,,
آی‌تریپل‌ئی اسپکتروم,IEEE Spectrum,فناوری,مهندسی,آمریکا,انگلیسی,https://spectrum.ieee.org,https://spectrum.ieee.org/rss/fulltext,,,,,
نیچر,Nature News,علمی,علوم پایه,بریتانیا,انگلیسی,https://www.nature.com,https://www.nature.com/nature.rss,,,,,
ساینس,Science Magazine,علمی,تحقیقات علمی,آمریکا,انگلیسی,https://www.science.org,https://www.science.org/rss/news_current.xml,,,,,
نیو ساینتیست,New Scientist,علمی,اخبار علمی,بریتانیا,انگلیسی,https://www.newscientist.com,https://www.newscientist.com/feed/home/,,,,,
زددی‌نت,ZDNet,فناوری,IT سازمانی,آمریکا,انگلیسی,https://www.zdnet.com,https://www.zdnet.com/news/rss.xml,,,,,
ونچربیت,VentureBeat,فناوری,هوش مصنوعی,آمریکا,انگلیسی,https://venturebeat.com,https://venturebeat.com/feed/,,,,,
انگجت,Engadget,فناوری,گجت,آمریکا,انگلیسی,https://www.engadget.com,https://www.engadget.com/rss.xml,,,,,
گیزمودو,Gizmodo,فناوری,طراحی/علمی,آمریکا,انگلیسی,https://gizmodo.com,https://gizmodo.com/rss,,,,,
هکر نیوز,Hacker News,فناوری,برنامه‌نویسی,آمریکا,انگلیسی,https://news.ycombinator.com,https://hnrss.org/frontpage,,,,,
اسلش‌دات,Slashdot,فناوری,متن‌باز,آمریکا,انگلیسی,https://slashdot.org,http://rss.slashdot.org/Slashdot/slashdotMain,,,,,
ساینتیفیک امریکن,Scientific American,علمی,علم عمومی,آمریکا,انگلیسی,https://www.scientificamerican.com,http://rss.sciam.com/ScientificAmerican-Global,,,,,
سی‌نت,CNET,فناوری,نقد و بررسی,آمریکا,انگلیسی,https://www.cnet.com,https://www.cnet.com/rss/news/,,,,,
اینفو ورد,InfoWorld,فناوری,توسعه نرم‌افزار,آمریکا,انگلیسی,https://www.infoworld.com,https://www.infoworld.com/index.rss,,,,,
پاپ ساینس,Popular Science,علمی,علم کاربردی,آمریکا,انگلیسی,https://www.popsci.com,https://www.popsci.com/feed/,,,,,
کوانتا مگزین,Quanta Magazine,علمی,فیزیک/ریاضی,آمریکا,انگلیسی,https://www.quantamagazine.org,https://www.quantamagazine.org/feed/,,,,,
بی‌بی‌سی فارسی,BBC Persian,خبرگزاری,منطقه‌ای,بریتانیا,فارسی,https://www.bbc.com/persian,https://www.bbc.com/persian/index.xml,,,,,
صدای آمریکا,VOA Persian,خبرگزاری,منطقه‌ای,آمریکا,فارسی,https://ir.voanews.com,https://ir.voanews.com/rss,,,,,
رادیو فردا,Radio Farda,خبرگزاری,منطقه‌ای,آمریکا/چک,فارسی,https://www.radiofarda.com,https://www.radiofarda.com/rss,,,,,
ایران اینترنشنال,Iran International,خبرگزاری,منطقه‌ای,بریتانیا,فارسی,https://www.iranintl.com,https://www.iranintl.com/rss,,,,,
دویچه وله فارسی,DW Persian,خبرگزاری,منطقه‌ای,آلمان,فارسی,https://www.dw.com/fa-ir,https://rss.dw.com/xml/rss-fa-all,,,,,
یورونیوز فارسی,Euronews Persian,خبرگزاری,منطقه‌ای,فرانسه/اروپا,فارسی,https://per.euronews.com,https://per.euronews.com/rss?format=all,,,,,
المانیتور,Al-Monitor,تحلیلی,منطقه‌ای,خاورمیانه,انگلیسی,https://www.al-monitor.com,https://www.al-monitor.com/rss,,,,,
میدل ایست آی,Middle East Eye,تحلیلی,منطقه‌ای,خاورمیانه,انگلیسی,https://www.middleeasteye.net,https://www.middleeasteye.net/rss,,,,,
عرب نیوز,Arab News,روزنامه,منطقه‌ای,عربستان,انگلیسی,https://www.arabnews.com,https://www.arabnews.com/rss.xml,,,,,
گلف نیوز,Gulf News,روزنامه,منطقه‌ای,امارات,انگلیسی,https://gulfnews.com,https://gulfnews.com/rss,,,,,
هاآرتص,Haaretz,روزنامه,منطقه‌ای,اسرائیل,انگلیسی/عبری,https://www.haaretz.com,https://www.haaretz.com/srv/haaretz-latest-rss,,,,,
جروزالم پست,Jerusalem Post,روزنامه,منطقه‌ای,اسرائیل,انگلیسی,https://www.jpost.com,https://www.jpost.com/rss/rssfeedsfrontpage.aspx,,,,,
دیلی صباح,Daily Sabah,روزنامه,منطقه‌ای,ترکیه,انگلیسی,https://www.dailysabah.com,https://www.dailysabah.com/rss,,,,,
حریت دیلی,Hurriyet Daily,روزنامه,منطقه‌ای,ترکیه,انگلیسی,https://www.hurriyetdailynews.com,https://www.hurriyetdailynews.com/rss,,,,,
آکی پرس,AKIpress,خبرگزاری,منطقه‌ای,قرقیزستان,انگلیسی,https://akipress.com,https://akipress.com/rss/,,,,,
فرغانه نیوز,Fergana News,خبرگزاری,منطقه‌ای,منطقه,روسی/انگلیسی,https://fergana.agency,https://fergana.agency/rss.php,,,,,
رادیو آزاتیک,Radio Azattyk,خبرگزاری,منطقه‌ای,قرقیزستان,قرقیزی,https://www.azattyk.org,https://www.azattyk.org/rssfeeds,,,,,
کون نیوز,Kun.uz,خبرگزاری,منطقه‌ای,ازبکستان,ازبکی,https://kun.uz/en,https://kun.uz/en/rss,,,,,
۲۴ کی‌جی,24.kg,خبرگزاری,منطقه‌ای,قرقیزستان,روسی/انگلیسی,https://24.kg,https://24.kg/rss/,,,,,
اسکای نیوز,Sky News,خبرگزاری,عمومی,بریتانیا,انگلیسی,https://news.sky.com,https://feeds.skynews.com/feeds/rss/home.xml,,,,,
ای‌بی‌سی نیوز,ABC News,خبرگزاری,عمومی,آمریکا,انگلیسی,https://abcnews.go.com,https://abcnews.go.com/abcnews/topstories,,,,,
سی‌بی‌اس نیوز,CBS News,خبرگزاری,عمومی,آمریکا,انگلیسی,https://www.cbsnews.com,https://www.cbsnews.com/latest/rss/main,,,,,
ان‌بی‌سی نیوز,NBC News,خبرگزاری,عمومی,آمریکا,انگلیسی,https://www.nbcnews.com,https://feeds.nbcnews.com/nbcnews/public/world,,,,,
یورونیوز انگلیسی,Euronews English,خبرگزاری,عمومی,اروپا,انگلیسی,https://www.euronews.com,https://www.euronews.com/rss?format=all,,,,,
یونهاپ,Yonhap News,خبرگزاری,منطقه‌ای,کره جنوبی,کره‌ای/انگلیسی,https://en.yna.co.kr,https://en.yna.co.kr/rss/news.xml,,,,,
آنادولو,Anadolu Agency,خبرگزاری,منطقه‌ای,ترکیه,ترکی/انگلیسی,https://www.aa.com.tr/en,https://www.aa.com.tr/en/rss/defaultxml.xml,,,,,
برناما,Bernama,خبرگزاری,منطقه‌ای,مالزی,مالایی/انگلیسی,https://www.bernama.com,https://www.bernama.com/en/rss.php,,,,,
آنتارا,Antara News,خبرگزاری,منطقه‌ای,اندونزی,اندونزیایی/انگلیسی,https://en.antaranews.com,https://en.antaranews.com/rss/news.xml,,,,,
تایمز لندن,The Times,روزنامه,عمومی,بریتانیا,انگلیسی,https://www.thetimes.co.uk,https://openrss.org/thetimes.co.uk,,,,,
یو‌اس‌ای تودی,USA Today,روزنامه,عمومی,آمریکا,انگلیسی,https://www.usatoday.com,http://rssfeeds.usatoday.com/usatoday-NewsTopStories,,,,,
شیکاگو تریبیون,Chicago Tribune,روزنامه,عمومی,آمریکا,انگلیسی,https://www.chicagotribune.com,https://www.chicagotribune.com/arc/outboundfeeds/rss/,,,,,
لس آنجلس تایمز,LA Times,روزنامه,عمومی,آمریکا,انگلیسی,https://www.latimes.com,https://www.latimes.com/world/rss2.0.xml,,,,,
بوستون گلوب,Boston Globe,روزنامه,عمومی,آمریکا,انگلیسی,https://www.bostonglobe.com,https://www.bostonglobe.com/rss/news,,,,,
تورنتو استار,Toronto Star,روزنامه,عمومی,کانادا,انگلیسی,https://www.thestar.com,https://www.thestar.com/feeds.articles.news.rss,,,,,
گلوب اند میل,Globe and Mail,روزنامه,عمومی,کانادا,انگلیسی,https://www.theglobeandmail.com,https://www.theglobeandmail.com/arc/outboundfeeds/rss/category/world/,,,,,
سیدنی مورنینگ هرالد,Sydney Morning Herald,روزنامه,عمومی,استرالیا,انگلیسی,https://www.smh.com.au,https://www.smh.com.au/rss/feed.xml,,,,,
استریتس تایمز,Straits Times,روزنامه,منطقه‌ای,سنگاپور,انگلیسی,https://www.straitstimes.com,https://www.straitstimes.com/news/world/rss.xml,,,,,
تایمز هند,Times of India,روزنامه,منطقه‌ای,هند,انگلیسی,https://timesofindia.indiatimes.com,https://timesofindia.indiatimes.com/rssfeeds/296589292.cms,,,,,
تک رادار,TechRadar,فناوری,گجت,بریتانیا,انگلیسی,https://www.techradar.com,https://www.techradar.com/rss,,,,,
دیجیتال ترندز,Digital Trends,فناوری,گجت,آمریکا,انگلیسی,https://www.digitaltrends.com,https://www.digitaltrends.com/feed/,,,,,
مشبل,Mashable,فناوری,فرهنگ دیجیتال,آمریکا,انگلیسی,https://mashable.com,https://mashable.com/feed,,,,,
پی‌سی مگ,PCMag,فناوری,سخت‌افزار,آمریکا,انگلیسی,https://www.pcmag.com,https://www.pcmag.com/rss/news,,,,,
تامز هاردویر,Tom's Hardware,فناوری,سخت‌افزار,آمریکا,انگلیسی,https://www.tomshardware.com,https://www.tomshardware.com/rss.xml,,,,,
نکست وب,The Next Web,فناوری,نوآوری,هلند,انگلیسی,https://thenextweb.com,https://thenextweb.com/feed,,,,,
گیگا اوم,Gigaom,فناوری,تحلیل فناوری,آمریکا,انگلیسی,https://gigaom.com,https://gigaom.com/feed/,,,,,
تک اسپات,TechSpot,فناوری,سخت‌افزار,آمریکا,انگلیسی,https://www.techspot.com,https://www.techspot.com/backend.xml,,,,,
نئووين,Neowin,فناوری,نرم‌افزار,بریتانیا,انگلیسی,https://www.neowin.net,https://www.neowin.net/news/rss/,,,,,
اسپیس,Space.com,علمی,فضا,آمریکا,انگلیسی,https://www.space.com,https://www.space.com/feeds/all,,,,,
بیزنس استاندارد,Business Standard,روزنامه,اقتصادی,هند,انگلیسی,https://www.business-standard.com,https://www.business-standard.com/rss/latest.rss,,,,,
اکونومیک تایمز,Economic Times,روزنامه,اقتصادی,هند,انگلیسی,https://economictimes.indiatimes.com,https://economictimes.indiatimes.com/rssfeedsdefault.cms,,,,,
بیزنس تایمز,Business Times,روزنامه,اقتصادی,سنگاپور,انگلیسی,https://www.businesstimes.com.sg,https://www.businesstimes.com.sg/rss/top-stories,,,,,
نیکی آسیا,Nikkei Asia,روزنامه,اقتصادی,ژاپن,انگلیسی,https://asia.nikkei.com,https://asia.nikkei.com/rss/feed/nar,,,,,
فایننشال پست,Financial Post,روزنامه,اقتصادی,کانادا,انگلیسی,https://financialpost.com,https://financialpost.com/feed/,,,,,
اینوستوپدیا,Investopedia,تحلیلی,آموزش مالی,آمریکا,انگلیسی,https://www.investopedia.com,https://www.investopedia.com/feed-4769785,,,,,
کپلر,Kiplinger,تحلیلی,مالی شخصی,آمریکا,انگلیسی,https://www.kiplinger.com,https://www.kiplinger.com/index.rss,,,,,
فایننس مگنتس,Finance Magnates,تحلیلی,فارکس/فین‌تک,بین‌المللی,انگلیسی,https://www.financemagnates.com,https://www.financemagnates.com/feed/,,,,,
کوین دسک,CoinDesk,فناوری/اقتصادی,کریپتو,آمریکا,انگلیسی,https://www.coindesk.com,https://www.coindesk.com/arc/outboundfeeds/rss/,,,,,
کوین تلگراف,CoinTelegraph,فناوری/اقتصادی,کریپتو,بین‌المللی,انگلیسی,https://cointelegraph.com,https://cointelegraph.com/rss,,,,,
مؤسسه امریکن انترپرایز,AEI,تحلیلی,سیاست عمومی,آمریکا,انگلیسی,https://www.aei.org,https://www.aei.org/feed/,,,,,
بنیاد هریتیج,Heritage Foundation,تحلیلی,سیاست عمومی,آمریکا,انگلیسی,https://www.heritage.org,https://www.heritage.org/rss,,,,,
مرکز پیشرفت آمریکا,Center for American Progress,تحلیلی,سیاست عمومی,آمریکا,انگلیسی,https://www.americanprogress.org,https://www.americanprogress.org/feed/,,,,,
مؤسسه کاتو,Cato Institute,تحلیلی,سیاست عمومی,آمریکا,انگلیسی,https://www.cato.org,https://www.cato.org/rss,,,,,
مؤسسه هادسون,Hudson Institute,تحلیلی,امنیت ملی,آمریکا,انگلیسی,https://www.hudson.org,https://www.hudson.org/rss,,,,,
مؤسسه واشینگتن,Washington Institute,تحلیلی,خاورمیانه,آمریکا,انگلیسی,https://www.washingtoninstitute.org,https://www.washingtoninstitute.org/rss.xml,,,,,
مؤسسه خاورمیانه,Middle East Institute,تحلیلی,خاورمیانه,آمریکا,انگلیسی,https://www.mei.edu,https://www.mei.edu/rss.xml,,,,,
مؤسسه صلح آمریکا,USIP,تحلیلی,صلح,آمریکا,انگلیسی,https://www.usip.org,https://www.usip.org/rss.xml,,,,,
مؤسسه آسپن,Aspen Institute,تحلیلی,رهبری/سیاست,آمریکا,انگلیسی,https://www.aspeninstitute.org,https://www.aspeninstitute.org/feed/,,,,,
مؤسسه بروسل,Bruegel,تحلیلی,اقتصاد اروپا,بلژیک,انگلیسی,https://www.bruegel.org,https://www.bruegel.org/feed/,,,,,
ای‌اس‌پی‌ان,ESPN,ورزشی,عمومی,آمریکا,انگلیسی,https://www.espn.com,https://www.espn.com/espn/rss/news,,,,https://www.espn.com/espn/rss/nfl/news,
اسکای اسپورتس,Sky Sports,ورزشی,عمومی,بریتانیا,انگلیسی,https://www.skysports.com,https://www.skysports.com/rss/12040,,,,,
بی‌بی‌سی اسپورت,BBC Sport,ورزشی,عمومی,بریتانیا,انگلیسی,https://www.bbc.com/sport,https://newsrss.bbc.co.uk/rss/sportonline_uk_edition/front_page/rss.xml,,,,,
گل,Goal.com,ورزشی,فوتبال,بین‌المللی,انگلیسی,https://www.goal.com,https://www.goal.com/en/feeds/news,,,,,
اتلتیک,The Athletic,ورزشی,تحلیلی,آمریکا,انگلیسی,https://theathletic.com,https://theathletic.com/rss,,,,,
اسپورتس ایلوستریتد,Sports Illustrated,ورزشی,عمومی,آمریکا,انگلیسی,https://www.si.com,https://www.si.com/.rss/full/,,,,,
مارکا,Marca,ورزشی,فوتبال,اسپانیا,اسپانیایی,https://www.marca.com,https://e00-marca.uecdn.es/rss/portada.xml,,,,,
آس,AS,ورزشی,فوتبال,اسپانیا,اسپانیایی,https://as.com,https://as.com/rss/tags/ultimas_noticias.xml,,,,,
اکیپ,L'Equipe,ورزشی,عمومی,فرانسه,فرانسوی,https://www.lequipe.fr,https://www.lequipe.fr/rss/actu_rss.xml,,,,,
گاتزتا دلو اسپورت,Gazzetta dello Sport,ورزشی,عمومی,ایتالیا,ایتالیایی,https://www.gazzetta.it,https://www.gazzetta.it/rss/home.xml,,,,,
تایمز اسرائیل,Times of Israel,خبرگزاری,منطقه‌ای,اسرائیل,انگلیسی,https://www.timesofisrael.com,https://www.timesofisrael.com/feed/,,,,,
نشنال,The National,روزنامه,منطقه‌ای,امارات,انگلیسی,https://www.thenationalnews.com,https://www.thenationalnews.com/rss.xml,,,,,
الشرق الاوسط,Asharq Al-Awsat,روزنامه,منطقه‌ای,عربستان/لندن,عربی/انگلیسی,https://english.aawsat.com,https://english.aawsat.com/rss,,,,,
الاهرام,Al-Ahram,روزنامه,منطقه‌ای,مصر,عربی,https://gate.ahram.org.eg,https://gate.ahram.org.eg/rss/1.xml,,,,,
دیلی استار,The Daily Star,روزنامه,منطقه‌ای,لبنان,انگلیسی,https://www.dailystar.com.lb,https://openrss.org/dailystar.com.lb,,,,,
بانکوک پست,Bangkok Post,روزنامه,منطقه‌ای,تایلند,انگلیسی,https://www.bangkokpost.com,https://www.bangkokpost.com/rss/data/most-recent.xml,,,,,
جاکارتا پست,Jakarta Post,روزنامه,منطقه‌ای,اندونزی,انگلیسی,https://www.thejakartapost.com,https://www.thejakartapost.com/rss,,,,,
مانیلا بولتن,Manila Bulletin,روزنامه,منطقه‌ای,فیلیپین,انگلیسی,https://mb.com.ph,https://mb.com.ph/rss,,,,,
استار مالزی,The Star,روزنامه,منطقه‌ای,مالزی,انگلیسی,https://www.thestar.com.my,https://www.thestar.com.my/rss/news/world,,,,,
لایو ساینس,Live Science,علمی,علوم پایه,آمریکا,انگلیسی,https://www.livescience.com,https://www.livescience.com/feeds/all,,,,,
ساینس دیلی,ScienceDaily,علمی,تحقیقات علمی,آمریکا,انگلیسی,https://www.sciencedaily.com,https://www.sciencedaily.com/rss/all.xml,,,https://www.sciencedaily.com/rss/top/technology.xml,,
فیز دات اورگ,Phys.org,علمی,فیزیک/فناوری,بین‌المللی,انگلیسی,https://phys.org,https://phys.org/rss-feed/,,,,,
مدیکال نیوز تودی,Medical News Today,علمی,پزشکی,بریتانیا,انگلیسی,https://www.medicalnewstoday.com,https://www.medicalnewstoday.com/rss,,,,,
هلث لاین,Healthline,علمی,سلامت,آمریکا,انگلیسی,https://www.healthline.com,https://www.healthline.com/feed,,,,,
سای‌تک دیلی,SciTechDaily,علمی,فناوری/علم,آمریکا,انگلیسی,https://scitechdaily.com,https://scitechdaily.com/feed/,,,,,
ای‌یو آبزرور,EUobserver,روزنامه,سیاست اروپا,بلژیک,انگلیسی,https://euobserver.com,https://euobserver.com/rss,,,,,
