پایگاه داده جامع فیدهای RSS رسانه‌های داخلی ایران — نسخه گسترش‌یافته,,,,,,,,
#,نام رسانه (فارسی),نام رسانه (انگلیسی),نوع رسانه,پوشش,زبان,دسته‌بندی,لینک RSS,وضعیت
1,ایرنا,IRNA,خبرگزاری رسمی,سراسری,FA,همه اخبار,https://www.irna.ir/rss.xml,فعال
2,ایرنا,IRNA,خبرگزاری رسمی,سراسری,FA,سیاسی,https://www.irna.ir/fa/rss.aspx?kind=10,فعال
3,ایرنا,IRNA,خبرگزاری رسمی,سراسری,FA,اقتصادی,https://www.irna.ir/fa/rss.aspx?kind=11,فعال
4,ایرنا,IRNA,خبرگزاری رسمی,سراسری,FA,اجتماعی,https://www.irna.ir/fa/rss.aspx?kind=12,فعال
5,ایرنا,IRNA,خبرگزاری رسمی,سراسری,FA,بین‌الملل,https://www.irna.ir/fa/rss.aspx?kind=13,فعال
6,ایرنا,IRNA,خبرگزاری رسمی,سراسری,FA,فرهنگ و هنر,https://www.irna.ir/fa/rss.aspx?kind=14,فعال
7,ایرنا,IRNA,خبرگزاری رسمی,سراسری,FA,ورزشی,https://www.irna.ir/fa/rss.aspx?kind=15,فعال
8,ایرنا,IRNA,خبرگزاری رسمی,سراسری,FA,علم و فناوری,https://www.irna.ir/fa/rss.aspx?kind=17,فعال
9,ایرنا,IRNA,خبرگزاری رسمی,سراسری,FA,استانی,https://www.irna.ir/fa/rss.aspx?kind=16,فعال
10,ایرنا انگلیسی,IRNA English,خبرگزاری رسمی,سراسری,EN,همه اخبار,https://en.irna.ir/rss,فعال
11,تسنیم,Tasnim,خبرگزاری رسمی,سراسری,FA,همه اخبار,https://www.tasnimnews.com/fa/rss,فعال
12,تسنیم,Tasnim,خبرگزاری رسمی,سراسری,FA,سیاسی,https://www.tasnimnews.com/fa/rss/feed/0/2/0/,فعال
13,تسنیم,Tasnim,خبرگزاری رسمی,سراسری,FA,اقتصادی,https://www.tasnimnews.com/fa/rss/feed/0/4/0/,فعال
14,تسنیم,Tasnim,خبرگزاری رسمی,سراسری,FA,جامعه,https://www.tasnimnews.com/fa/rss/feed/0/3/0/,فعال
15,تسنیم,Tasnim,خبرگزاری رسمی,سراسری,FA,بین‌الملل,https://www.tasnimnews.com/fa/rss/feed/0/5/0/,فعال
16,تسنیم,Tasnim,خبرگزاری رسمی,سراسری,FA,ورزشی,https://www.tasnimnews.com/fa/rss/feed/0/9/0/,فعال
17,تسنیم,Tasnim,خبرگزاری رسمی,سراسری,FA,دفاعی,https://www.tasnimnews.com/fa/rss/feed/0/88/0/,فعال
18,تسنیم,Tasnim,خبرگزاری رسمی,سراسری,FA,هسته‌ای,https://www.tasnimnews.com/fa/rss/feed/0/57/0/,فعال
19,تسنیم,Tasnim,خبرگزاری رسمی,سراسری,FA,گردشگری,https://www.tasnimnews.com/fa/rss/feed/0/70/0/,فعال
20,تسنیم,Tasnim,خبرگزاری رسمی,سراسری,FA,فرهنگ و هنر,https://www.tasnimnews.com/fa/rss/feed/0/6/0/,فعال
21,تسنیم,Tasnim,خبرگزاری رسمی,سراسری,FA,علمی,https://www.tasnimnews.com/fa/rss/feed/0/7/0/,فعال
22,تسنیم,Tasnim,خبرگزاری رسمی,سراسری,FA,مهمترین,https://www.tasnimnews.com/fa/rss/feed/0/8/0/,فعال
23,تسنیم انگلیسی,Tasnim English,خبرگزاری رسمی,سراسری,EN,همه اخبار,https://www.tasnimnews.com/en/rss/feed/0/7/0/all-stories,فعال
24,فارس,Fars News,خبرگزاری رسمی,سراسری,FA,همه اخبار,https://www.farsnews.ir/rss/allnews,فعال
25,فارس,Fars News,خبرگزاری رسمی,سراسری,FA,سیاسی,https://www.farsnews.ir/rss/fn14000000000000000000000000000000001,فعال
26,فارس,Fars News,خبرگزاری رسمی,سراسری,FA,اقتصادی,https://www.farsnews.ir/rss/fn14000000000000000000000000000000002,فعال
27,فارس,Fars News,خبرگزاری رسمی,سراسری,FA,جامعه,https://www.farsnews.ir/rss/fn14000000000000000000000000000000003,فعال
28,فارس,Fars News,خبرگزاری رسمی,سراسری,FA,بین‌الملل,https://www.farsnews.ir/rss/fn14000000000000000000000000000000004,فعال
29,فارس,Fars News,خبرگزاری رسمی,سراسری,FA,فرهنگ و هنر,https://www.farsnews.ir/rss/fn14000000000000000000000000000000005,فعال
30,فارس,Fars News,خبرگزاری رسمی,سراسری,FA,ورزشی,https://www.farsnews.ir/rss/fn14000000000000000000000000000000006,فعال
31,فارس,Fars News,خبرگزاری رسمی,سراسری,FA,دفاع و امنیت,https://www.farsnews.ir/rss/fn14000000000000000000000000000000007,فعال
32,فارس,Fars News,خبرگزاری رسمی,سراسری,FA,علمی,https://www.farsnews.ir/rss/fn14000000000000000000000000000000008,فعال
33,فارس,Fars News,خبرگزاری رسمی,سراسری,FA,استانی,https://www.farsnews.ir/rss/fn14000000000000000000000000000000009,فعال
34,مهر,Mehr News,خبرگزاری رسمی,سراسری,FA,همه اخبار,https://www.mehrnews.com/rss,فعال
35,مهر,Mehr News,خبرگزاری رسمی,سراسری,FA,سیاست داخلی,https://www.mehrnews.com/rss/tp/1,فعال
36,مهر,Mehr News,خبرگزاری رسمی,سراسری,FA,اقتصاد,https://www.mehrnews.com/rss/tp/2,فعال
37,مهر,Mehr News,خبرگزاری رسمی,سراسری,FA,اجتماعی,https://www.mehrnews.com/rss/tp/3,فعال
38,مهر,Mehr News,خبرگزاری رسمی,سراسری,FA,فرهنگ و هنر,https://www.mehrnews.com/rss/tp/4,فعال
39,مهر,Mehr News,خبرگزاری رسمی,سراسری,FA,دین و اندیشه,https://www.mehrnews.com/rss/tp/5,فعال
40,مهر,Mehr News,خبرگزاری رسمی,سراسری,FA,بین‌الملل,https://www.mehrnews.com/rss/tp/6,فعال
41,مهر,Mehr News,خبرگزاری رسمی,سراسری,FA,علمی-پژوهشی,https://www.mehrnews.com/rss/tp/7,فعال
42,مهر,Mehr News,خبرگزاری رسمی,سراسری,FA,ورزشی,https://www.mehrnews.com/rss/tp/8,فعال
43,مهر,Mehr News,خبرگزاری رسمی,سراسری,FA,فناوری اطلاعات,https://www.mehrnews.com/rss/tp/9,فعال
44,مهر,Mehr News,خبرگزاری رسمی,سراسری,FA,محیط زیست,https://www.mehrnews.com/rss/tp/11,فعال
45,مهر,Mehr News,خبرگزاری رسمی,سراسری,FA,رسانه,https://www.mehrnews.com/rss/tp/12,فعال
46,مهر,Mehr News,خبرگزاری رسمی,سراسری,FA,استان‌ها,https://www.mehrnews.com/rss/tp/13,فعال
47,مهر,Mehr News,خبرگزاری رسمی,سراسری,FA,دفاعی,https://www.mehrnews.com/rss/tp/14,فعال
48,مهر,Mehr News,خبرگزاری رسمی,سراسری,FA,آموزش,https://www.mehrnews.com/rss/tp/22,فعال
49,مهر,Mehr News,خبرگزاری رسمی,سراسری,FA,سلامت,https://www.mehrnews.com/rss/tp/28,فعال
50,مهر,Mehr News,خبرگزاری رسمی,سراسری,FA,گردشگری,https://www.mehrnews.com/rss/tp/46,فعال
51,مهر,Mehr News,خبرگزاری رسمی,سراسری,FA,کشاورزی,https://www.mehrnews.com/rss/tp/58,فعال
52,مهر,Mehr News,خبرگزاری رسمی,سراسری,FA,انرژی,https://www.mehrnews.com/rss/tp/62,فعال
53,مهر,Mehr News,خبرگزاری رسمی,سراسری,FA,قضایی,https://www.mehrnews.com/rss/tp/74,فعال
54,مهر,Mehr News,خبرگزاری رسمی,سراسری,FA,خراسان رضوی,https://www.mehrnews.com/rss/pl/15,فعال
55,مهر,Mehr News,خبرگزاری رسمی,سراسری,FA,تهران,https://www.mehrnews.com/rss/pl/1,فعال
56,مهر,Mehr News,خبرگزاری رسمی,سراسری,FA,اصفهان,https://www.mehrnews.com/rss/pl/5,فعال
57,مهر,Mehr News,خبرگزاری رسمی,سراسری,FA,فارس,https://www.mehrnews.com/rss/pl/10,فعال
58,مهر,Mehr News,خبرگزاری رسمی,سراسری,FA,خوزستان,https://www.mehrnews.com/rss/pl/11,فعال
59,مهر,Mehr News,خبرگزاری رسمی,سراسری,FA,آذربایجان شرقی,https://www.mehrnews.com/rss/pl/2,فعال
60,مهر,Mehr News,خبرگزاری رسمی,سراسری,FA,آذربایجان غربی,https://www.mehrnews.com/rss/pl/3,فعال
61,مهر,Mehr News,خبرگزاری رسمی,سراسری,FA,گیلان,https://www.mehrnews.com/rss/pl/13,فعال
62,مهر,Mehr News,خبرگزاری رسمی,سراسری,FA,مازندران,https://www.mehrnews.com/rss/pl/17,فعال
63,مهر,Mehr News,خبرگزاری رسمی,سراسری,FA,کرمانشاه,https://www.mehrnews.com/rss/pl/18,فعال
64,مهر انگلیسی,Mehr English,خبرگزاری رسمی,سراسری,EN,همه اخبار,https://en.mehrnews.com/rss,فعال
65,ایسنا,ISNA,خبرگزاری رسمی,سراسری,FA,همه اخبار,https://www.isna.ir/rss,فعال
66,ایسنا,ISNA,خبرگزاری رسمی,سراسری,FA,سیاسی,https://www.isna.ir/rss/id/1,فعال
67,ایسنا,ISNA,خبرگزاری رسمی,سراسری,FA,اقتصادی,https://www.isna.ir/rss/id/2,فعال
68,ایسنا,ISNA,خبرگزاری رسمی,سراسری,FA,علمی,https://www.isna.ir/rss/id/3,فعال
69,ایسنا,ISNA,خبرگزاری رسمی,سراسری,FA,اجتماعی,https://www.isna.ir/rss/id/4,فعال
70,ایسنا,ISNA,خبرگزاری رسمی,سراسری,FA,بین‌الملل,https://www.isna.ir/rss/id/5,فعال
71,ایسنا,ISNA,خبرگزاری رسمی,سراسری,FA,فرهنگی,https://www.isna.ir/rss/id/6,فعال
72,ایسنا,ISNA,خبرگزاری رسمی,سراسری,FA,ورزشی,https://www.isna.ir/rss/id/7,فعال
73,ایسنا,ISNA,خبرگزاری رسمی,سراسری,FA,استانی,https://www.isna.ir/rss/id/8,فعال
74,ایسنا,ISNA,خبرگزاری رسمی,سراسری,FA,دانشگاه,https://www.isna.ir/rss/id/9,فعال
75,ایسنا انگلیسی,ISNA English,خبرگزاری رسمی,سراسری,EN,همه اخبار,https://en.isna.ir/rss,فعال
76,صداوسیما,IRIB News,خبرگزاری رسمی,سراسری,FA,همه اخبار,https://www.iribnews.ir/fa/rss,فعال
77,صداوسیما,IRIB News,خبرگزاری رسمی,سراسری,FA,سیاسی,https://www.iribnews.ir/fa/rss/tp/1,فعال
78,صداوسیما,IRIB News,خبرگزاری رسمی,سراسری,FA,اقتصادی,https://www.iribnews.ir/fa/rss/tp/2,فعال
79,صداوسیما,IRIB News,خبرگزاری رسمی,سراسری,FA,اجتماعی,https://www.iribnews.ir/fa/rss/tp/3,فعال
80,صداوسیما,IRIB News,خبرگزاری رسمی,سراسری,FA,بین‌الملل,https://www.iribnews.ir/fa/rss/tp/4,فعال
81,صداوسیما,IRIB News,خبرگزاری رسمی,سراسری,FA,فرهنگی,https://www.iribnews.ir/fa/rss/tp/5,فعال
82,صداوسیما,IRIB News,خبرگزاری رسمی,سراسری,FA,ورزشی,https://www.iribnews.ir/fa/rss/tp/6,فعال
83,صداوسیما,IRIB News,خبرگزاری رسمی,سراسری,FA,علمی,https://www.iribnews.ir/fa/rss/tp/7,فعال
84,ایلنا,ILNA,خبرگزاری رسمی,سراسری,FA,همه اخبار,https://www.ilna.ir/fa/rss,فعال
85,ایلنا,ILNA,خبرگزاری رسمی,سراسری,FA,کارگری,https://www.ilna.ir/fa/rss/tp/1,فعال
86,ایلنا,ILNA,خبرگزاری رسمی,سراسری,FA,اجتماعی,https://www.ilna.ir/fa/rss/tp/3,فعال
87,ایلنا,ILNA,خبرگزاری رسمی,سراسری,FA,اقتصادی,https://www.ilna.ir/fa/rss/tp/4,فعال
88,ایلنا,ILNA,خبرگزاری رسمی,سراسری,FA,سیاسی,https://www.ilna.ir/fa/rss/tp/5,فعال
89,ایلنا,ILNA,خبرگزاری رسمی,سراسری,FA,بین‌الملل,https://www.ilna.ir/fa/rss/tp/6,فعال
90,ایلنا,ILNA,خبرگزاری رسمی,سراسری,FA,ورزشی,https://www.ilna.ir/fa/rss/tp/7,فعال
91,برنا,Borna,خبرگزاری رسمی,سراسری,FA,همه اخبار,https://www.borna.news/fa/rss,فعال
92,برنا,Borna,خبرگزاری رسمی,سراسری,FA,سیاسی,https://www.borna.news/fa/rss/tp/1,فعال
93,برنا,Borna,خبرگزاری رسمی,سراسری,FA,اقتصادی,https://www.borna.news/fa/rss/tp/2,فعال
94,برنا,Borna,خبرگزاری رسمی,سراسری,FA,اجتماعی,https://www.borna.news/fa/rss/tp/3,فعال
95,برنا,Borna,خبرگزاری رسمی,سراسری,FA,ورزشی,https://www.borna.news/fa/rss/tp/4,فعال
96,برنا,Borna,خبرگزاری رسمی,سراسری,FA,فرهنگی,https://www.borna.news/fa/rss/tp/5,فعال
97,برنا,Borna,خبرگزاری رسمی,سراسری,FA,استانی,https://www.borna.news/fa/rss/tp/6,فعال
98,نور نیوز,Nour News,خبرگزاری رسمی,سراسری,FA,همه اخبار,https://nournews.ir/fa/rss,فعال
99,نور نیوز,Nour News,خبرگزاری رسمی,سراسری,FA,سیاسی,https://nournews.ir/fa/rss/tp/1,فعال
100,نور نیوز,Nour News,خبرگزاری رسمی,سراسری,FA,اقتصادی,https://nournews.ir/fa/rss/tp/2,فعال
101,نور نیوز,Nour News,خبرگزاری رسمی,سراسری,FA,بین‌الملل,https://nournews.ir/fa/rss/tp/3,فعال
102,نور نیوز,Nour News,خبرگزاری رسمی,سراسری,FA,اجتماعی,https://nournews.ir/fa/rss/tp/4,فعال
103,شبستان,Shabestan,خبرگزاری رسمی,سراسری,FA,همه اخبار,https://www.shabestan.ir/fa/rss/allnews,فعال
104,شبستان,Shabestan,خبرگزاری رسمی,سراسری,FA,دینی,https://www.shabestan.ir/fa/rss/tp/1,فعال
105,شبستان,Shabestan,خبرگزاری رسمی,سراسری,FA,فرهنگی,https://www.shabestan.ir/fa/rss/tp/2,فعال
106,خانه ملت,ICANA,خبرگزاری مجلس,سراسری,FA,همه اخبار,https://www.icana.ir/Fa/News/RSS,فعال
107,خانه ملت,ICANA,خبرگزاری مجلس,سراسری,FA,سیاسی,https://www.icana.ir/Fa/News/RSS/1,فعال
108,خانه ملت,ICANA,خبرگزاری مجلس,سراسری,FA,اقتصادی,https://www.icana.ir/Fa/News/RSS/2,فعال
109,خانه ملت,ICANA,خبرگزاری مجلس,سراسری,FA,اجتماعی,https://www.icana.ir/Fa/News/RSS/3,فعال
110,خانه ملت,ICANA,خبرگزاری مجلس,سراسری,FA,فرهنگی,https://www.icana.ir/Fa/News/RSS/4,فعال
111,موج نیوز,Moj News,خبرگزاری خصوصی,سراسری,FA,همه اخبار,https://www.mojnews.com/fa/rss/allnews,فعال
112,موج نیوز,Moj News,خبرگزاری خصوصی,سراسری,FA,سیاسی,https://www.mojnews.com/fa/rss/tp/1,فعال
113,موج نیوز,Moj News,خبرگزاری خصوصی,سراسری,FA,اقتصادی,https://www.mojnews.com/fa/rss/tp/2,فعال
114,تقریب نیوز,Taghrib News,خبرگزاری خصوصی,سراسری,FA,همه اخبار,https://www.taghribnews.com/vfhhd10t2.html,فعال
115,تقریب نیوز,Taghrib News,خبرگزاری خصوصی,سراسری,FA,وحدت اسلامی,https://www.taghribnews.com/vfhhd10t2.html,فعال
116,دانا,Dana,خبرگزاری خصوصی,سراسری,FA,همه اخبار,https://www.dana.ir/fa/rss/allnews,فعال
117,دانا,Dana,خبرگزاری خصوصی,سراسری,FA,سیاسی,https://www.dana.ir/fa/rss/tp/1,فعال
118,دانا,Dana,خبرگزاری خصوصی,سراسری,FA,اقتصادی,https://www.dana.ir/fa/rss/tp/2,فعال
119,باشگاه خبرنگاران,YJC,پایگاه خبری آنلاین,سراسری,FA,همه اخبار,https://www.yjc.ir/fa/rss/allnews,فعال
120,باشگاه خبرنگاران,YJC,پایگاه خبری آنلاین,سراسری,FA,سیاسی,https://www.yjc.ir/fa/rss/tp/1,فعال
121,باشگاه خبرنگاران,YJC,پایگاه خبری آنلاین,سراسری,FA,اقتصادی,https://www.yjc.ir/fa/rss/tp/2,فعال
122,باشگاه خبرنگاران,YJC,پایگاه خبری آنلاین,سراسری,FA,اجتماعی,https://www.yjc.ir/fa/rss/tp/3,فعال
123,باشگاه خبرنگاران,YJC,پایگاه خبری آنلاین,سراسری,FA,فرهنگی,https://www.yjc.ir/fa/rss/tp/4,فعال
124,باشگاه خبرنگاران,YJC,پایگاه خبری آنلاین,سراسری,FA,ورزشی,https://www.yjc.ir/fa/rss/tp/5,فعال
125,باشگاه خبرنگاران,YJC,پایگاه خبری آنلاین,سراسری,FA,بین‌الملل,https://www.yjc.ir/fa/rss/tp/6,فعال
126,باشگاه خبرنگاران,YJC,پایگاه خبری آنلاین,سراسری,FA,استانی,https://www.yjc.ir/fa/rss/tp/7,فعال
127,باشگاه خبرنگاران,YJC,پایگاه خبری آنلاین,سراسری,FA,علمی,https://www.yjc.ir/fa/rss/tp/8,فعال
128,باشگاه خبرنگاران,YJC news,پایگاه خبری آنلاین,سراسری,FA,همه اخبار,https://www.yjc.news/fa/rss,فعال
129,تابناک,Tabnak,پایگاه خبری آنلاین,سراسری,FA,همه اخبار,https://www.tabnak.ir/fa/rss/allnews,فعال
130,تابناک,Tabnak,پایگاه خبری آنلاین,سراسری,FA,سیاسی,https://www.tabnak.ir/fa/rss/tp/1,فعال
131,تابناک,Tabnak,پایگاه خبری آنلاین,سراسری,FA,اقتصادی,https://www.tabnak.ir/fa/rss/tp/2,فعال
132,تابناک,Tabnak,پایگاه خبری آنلاین,سراسری,FA,اجتماعی,https://www.tabnak.ir/fa/rss/tp/3,فعال
133,تابناک,Tabnak,پایگاه خبری آنلاین,سراسری,FA,فرهنگی,https://www.tabnak.ir/fa/rss/tp/4,فعال
134,تابناک,Tabnak,پایگاه خبری آنلاین,سراسری,FA,ورزشی,https://www.tabnak.ir/fa/rss/tp/5,فعال
135,تابناک,Tabnak,پایگاه خبری آنلاین,سراسری,FA,بین‌الملل,https://www.tabnak.ir/fa/rss/tp/6,فعال
136,تابناک,Tabnak,پایگاه خبری آنلاین,سراسری,FA,علمی-فناوری,https://www.tabnak.ir/fa/rss/tp/7,فعال
137,تابناک,Tabnak,پایگاه خبری آنلاین,سراسری,FA,پربحث,https://www.tabnak.ir/fa/rss/morecomments,فعال
138,تابناک,Tabnak,پایگاه خبری آنلاین,سراسری,FA,پربازدید,https://www.tabnak.ir/fa/rss/morevisited,فعال
139,خبرآنلاین,Khabaronline,پایگاه خبری آنلاین,سراسری,FA,همه اخبار,https://www.khabaronline.ir/rss,فعال
140,خبرآنلاین,Khabaronline,پایگاه خبری آنلاین,سراسری,FA,سیاسی,https://www.khabaronline.ir/rss/id/1,فعال
141,خبرآنلاین,Khabaronline,پایگاه خبری آنلاین,سراسری,FA,اقتصادی,https://www.khabaronline.ir/rss/id/2,فعال
142,خبرآنلاین,Khabaronline,پایگاه خبری آنلاین,سراسری,FA,اجتماعی,https://www.khabaronline.ir/rss/id/3,فعال
143,خبرآنلاین,Khabaronline,پایگاه خبری آنلاین,سراسری,FA,فرهنگی,https://www.khabaronline.ir/rss/id/4,فعال
144,خبرآنلاین,Khabaronline,پایگاه خبری آنلاین,سراسری,FA,ورزشی,https://www.khabaronline.ir/rss/id/5,فعال
145,خبرآنلاین,Khabaronline,پایگاه خبری آنلاین,سراسری,FA,بین‌الملل,https://www.khabaronline.ir/rss/id/6,فعال
146,خبرآنلاین,Khabaronline,پایگاه خبری آنلاین,سراسری,FA,علمی,https://www.khabaronline.ir/rss/id/7,فعال
147,انتخاب,Entekhab,پایگاه خبری آنلاین,سراسری,FA,همه اخبار,https://www.entekhab.ir/fa/rss/allnews,فعال
148,انتخاب,Entekhab,پایگاه خبری آنلاین,سراسری,FA,سیاسی,https://www.entekhab.ir/fa/rss/tp/1,فعال
149,انتخاب,Entekhab,پایگاه خبری آنلاین,سراسری,FA,اقتصادی,https://www.entekhab.ir/fa/rss/tp/2,فعال
150,انتخاب,Entekhab,پایگاه خبری آنلاین,سراسری,FA,اجتماعی,https://www.entekhab.ir/fa/rss/tp/3,فعال
151,انتخاب,Entekhab,پایگاه خبری آنلاین,سراسری,FA,بین‌الملل,https://www.entekhab.ir/fa/rss/tp/4,فعال
152,انتخاب,Entekhab,پایگاه خبری آنلاین,سراسری,FA,ورزشی,https://www.entekhab.ir/fa/rss/tp/5,فعال
153,انتخاب,Entekhab,پایگاه خبری آنلاین,سراسری,FA,فرهنگی,https://www.entekhab.ir/fa/rss/tp/6,فعال
154,انتخاب,Entekhab,پایگاه خبری آنلاین,سراسری,FA,تاریخ,https://www.entekhab.ir/fa/rss/tp/7,فعال
155,انتخاب,Entekhab,پایگاه خبری آنلاین,سراسری,FA,سلامت,https://www.entekhab.ir/fa/rss/tp/8,فعال
156,انتخاب,Entekhab,پایگاه خبری آنلاین,سراسری,FA,ویدیو,https://www.entekhab.ir/fa/rss/tp/9,فعال
157,عصر ایران,Asriran,پایگاه خبری آنلاین,سراسری,FA,همه اخبار,https://www.asriran.com/fa/rss/allnews,فعال
158,عصر ایران,Asriran,پایگاه خبری آنلاین,سراسری,FA,سیاسی,https://www.asriran.com/fa/rss/tp/1,فعال
159,عصر ایران,Asriran,پایگاه خبری آنلاین,سراسری,FA,اقتصادی,https://www.asriran.com/fa/rss/tp/2,فعال
160,عصر ایران,Asriran,پایگاه خبری آنلاین,سراسری,FA,اجتماعی,https://www.asriran.com/fa/rss/tp/3,فعال
161,عصر ایران,Asriran,پایگاه خبری آنلاین,سراسری,FA,فرهنگی,https://www.asriran.com/fa/rss/tp/4,فعال
162,عصر ایران,Asriran,پایگاه خبری آنلاین,سراسری,FA,ورزشی,https://www.asriran.com/fa/rss/tp/5,فعال
163,عصر ایران,Asriran,پایگاه خبری آنلاین,سراسری,FA,بین‌الملل,https://www.asriran.com/fa/rss/tp/6,فعال
164,مشرق نیوز,Mashregh News,پایگاه خبری آنلاین,سراسری,FA,همه اخبار,https://www.mashreghnews.ir/fa/rss/allnews,فعال
165,مشرق نیوز,Mashregh News,پایگاه خبری آنلاین,سراسری,FA,سیاسی,https://www.mashreghnews.ir/fa/rss/tp/1,فعال
166,مشرق نیوز,Mashregh News,پایگاه خبری آنلاین,سراسری,FA,اقتصادی,https://www.mashreghnews.ir/fa/rss/tp/2,فعال
167,مشرق نیوز,Mashregh News,پایگاه خبری آنلاین,سراسری,FA,اجتماعی,https://www.mashreghnews.ir/fa/rss/tp/3,فعال
168,مشرق نیوز,Mashregh News,پایگاه خبری آنلاین,سراسری,FA,فرهنگی,https://www.mashreghnews.ir/fa/rss/tp/4,فعال
169,مشرق نیوز,Mashregh News,پایگاه خبری آنلاین,سراسری,FA,دفاعی,https://www.mashreghnews.ir/fa/rss/tp/5,فعال
170,مشرق نیوز,Mashregh News,پایگاه خبری آنلاین,سراسری,FA,بین‌الملل,https://www.mashreghnews.ir/fa/rss/tp/6,فعال
171,مشرق نیوز,Mashregh News,پایگاه خبری آنلاین,سراسری,FA,ورزشی,https://www.mashreghnews.ir/fa/rss/tp/7,فعال
172,الف,Alef,پایگاه خبری آنلاین,سراسری,FA,همه اخبار,https://alef.ir/rss/,فعال
173,الف,Alef,پایگاه خبری آنلاین,سراسری,FA,سیاسی,https://alef.ir/rss/id/1,فعال
174,الف,Alef,پایگاه خبری آنلاین,سراسری,FA,اقتصادی,https://alef.ir/rss/id/2,فعال
175,الف,Alef,پایگاه خبری آنلاین,سراسری,FA,اجتماعی,https://alef.ir/rss/id/3,فعال
176,الف,Alef,پایگاه خبری آنلاین,سراسری,FA,ورزشی,https://alef.ir/rss/id/5,فعال
177,الف,Alef,پایگاه خبری آنلاین,سراسری,FA,بین‌الملل,https://alef.ir/rss/id/6,فعال
178,رجانیوز,Rajanews,پایگاه خبری آنلاین,سراسری,FA,همه اخبار,https://www.rajanews.com/rss/allnews,فعال
179,رجانیوز,Rajanews,پایگاه خبری آنلاین,سراسری,FA,سیاسی,https://www.rajanews.com/rss/tp/1,فعال
180,رجانیوز,Rajanews,پایگاه خبری آنلاین,سراسری,FA,اقتصادی,https://www.rajanews.com/rss/tp/2,فعال
181,رجانیوز,Rajanews,پایگاه خبری آنلاین,سراسری,FA,اجتماعی,https://www.rajanews.com/rss/tp/3,فعال
182,رجانیوز,Rajanews,پایگاه خبری آنلاین,سراسری,FA,فرهنگی,https://www.rajanews.com/rss/tp/4,فعال
183,آفتاب نیوز,Aftab News,پایگاه خبری آنلاین,سراسری,FA,همه اخبار,https://www.aftabnews.ir/fa/rss/allnews,فعال
184,آفتاب نیوز,Aftab News,پایگاه خبری آنلاین,سراسری,FA,سیاسی,https://www.aftabnews.ir/fa/rss/tp/1,فعال
185,آفتاب نیوز,Aftab News,پایگاه خبری آنلاین,سراسری,FA,اقتصادی,https://www.aftabnews.ir/fa/rss/tp/2,فعال
186,آفتاب نیوز,Aftab News,پایگاه خبری آنلاین,سراسری,FA,اجتماعی,https://www.aftabnews.ir/fa/rss/tp/3,فعال
187,آفتاب نیوز,Aftab News,پایگاه خبری آنلاین,سراسری,FA,ورزشی,https://www.aftabnews.ir/fa/rss/tp/5,فعال
188,اعتمادآنلاین,Etemadonline,پایگاه خبری آنلاین,سراسری,FA,همه اخبار,https://www.etemadonline.com/fa/rss/allnews,فعال
189,اعتمادآنلاین,Etemadonline,پایگاه خبری آنلاین,سراسری,FA,سیاسی,https://www.etemadonline.com/fa/rss/tp/1,فعال
190,اعتمادآنلاین,Etemadonline,پایگاه خبری آنلاین,سراسری,FA,اجتماعی,https://www.etemadonline.com/fa/rss/tp/3,فعال
191,اعتمادآنلاین,Etemadonline,پایگاه خبری آنلاین,سراسری,FA,اقتصادی,https://www.etemadonline.com/fa/rss/tp/2,فعال
192,بولتن نیوز,Bultannews,پایگاه خبری آنلاین,سراسری,FA,همه اخبار,https://www.bultannews.com/fa/rss/allnews,فعال
193,بولتن نیوز,Bultannews,پایگاه خبری آنلاین,سراسری,FA,سیاسی,https://www.bultannews.com/fa/rss/tp/1,فعال
194,بولتن نیوز,Bultannews,پایگاه خبری آنلاین,سراسری,FA,اقتصادی,https://www.bultannews.com/fa/rss/tp/2,فعال
195,فردا نیوز,Farda News,پایگاه خبری آنلاین,سراسری,FA,همه اخبار,https://www.fardanews.com/fa/rss/allnews,فعال
196,فردا نیوز,Farda News,پایگاه خبری آنلاین,سراسری,FA,سیاسی,https://www.fardanews.com/fa/rss/tp/1,فعال
197,فردا نیوز,Farda News,پایگاه خبری آنلاین,سراسری,FA,اقتصادی,https://www.fardanews.com/fa/rss/tp/2,فعال
198,فردا نیوز,Farda News,پایگاه خبری آنلاین,سراسری,FA,اجتماعی,https://www.fardanews.com/fa/rss/tp/3,فعال
199,خبر فارسی,KhabarFarsi,پایگاه خبری آنلاین,سراسری,FA,همه اخبار,https://khabarfarsi.com/rss,فعال
200,خبر فارسی,KhabarFarsi,پایگاه خبری آنلاین,سراسری,FA,فوری,https://khabarfarsi.com/rss/urgent,فعال
201,خبر فارسی,KhabarFarsi,پایگاه خبری آنلاین,سراسری,FA,سیاسی,https://khabarfarsi.com/rss/c/1,فعال
202,خبر فارسی,KhabarFarsi,پایگاه خبری آنلاین,سراسری,FA,اقتصادی,https://khabarfarsi.com/rss/c/2,فعال
203,دیپلماسی ایرانی,Iranian Diplomacy,پایگاه خبری آنلاین,سراسری,FA,همه اخبار,http://irdiplomacy.ir/fa/rss/allnews,فعال
204,دیپلماسی ایرانی,Iranian Diplomacy,پایگاه خبری آنلاین,سراسری,FA,سیاست خارجی,http://irdiplomacy.ir/fa/rss/tp/1,فعال
205,صاحب‌خبر,Sahebkhabar,پایگاه خبری آنلاین,سراسری,FA,همه اخبار,https://sahebkhabar.ir/rss,فعال
206,صاحب‌خبر,Sahebkhabar,پایگاه خبری آنلاین,سراسری,FA,سیاسی,https://sahebkhabar.ir/rss/tp/1,فعال
207,صاحب‌خبر,Sahebkhabar,پایگاه خبری آنلاین,سراسری,FA,اقتصادی,https://sahebkhabar.ir/rss/tp/2,فعال
208,شهرخبر,Shahrekhabar,پایگاه خبری آنلاین,سراسری,FA,همه اخبار,https://www.shahrekhabar.com/rssfeeds,فعال
209,شهرخبر,Shahrekhabar,پایگاه خبری آنلاین,سراسری,FA,سیاسی,https://www.shahrekhabar.com/rssfeeds/1,فعال
210,شهرخبر,Shahrekhabar,پایگاه خبری آنلاین,سراسری,FA,اقتصادی,https://www.shahrekhabar.com/rssfeeds/2,فعال
211,خبربان,Khabarban,پایگاه خبری آنلاین,سراسری,FA,همه اخبار,https://www.khabarban.com/rss,فعال
212,خبربان,Khabarban,پایگاه خبری آنلاین,سراسری,FA,سیاسی,https://www.khabarban.com/rss/1,فعال
213,همشهری,Hamshahri,روزنامه,سراسری,FA,همه اخبار,http://hamshahrionline.ir/page/rss_page,فعال
214,همشهری,Hamshahri,روزنامه,سراسری,FA,سیاسی,https://www.hamshahri.ir/rss/id/1,فعال
215,همشهری,Hamshahri,روزنامه,سراسری,FA,اقتصادی,https://www.hamshahri.ir/rss/id/2,فعال
216,همشهری,Hamshahri,روزنامه,سراسری,FA,اجتماعی,https://www.hamshahri.ir/rss/id/3,فعال
217,همشهری,Hamshahri,روزنامه,سراسری,FA,شهری,https://www.hamshahri.ir/rss/id/8,فعال
218,همشهری,Hamshahri,روزنامه,سراسری,FA,فرهنگی,https://www.hamshahri.ir/rss/id/4,فعال
219,کیهان,Kayhan,روزنامه,سراسری,FA,همه اخبار,https://www.kayhan.ir/fa/rss/allnews,فعال
220,کیهان,Kayhan,روزنامه,سراسری,FA,سیاسی,https://www.kayhan.ir/fa/rss/tp/1,فعال
221,کیهان,Kayhan,روزنامه,سراسری,FA,اقتصادی,https://www.kayhan.ir/fa/rss/tp/2,فعال
222,کیهان,Kayhan,روزنامه,سراسری,FA,بین‌الملل,https://www.kayhan.ir/fa/rss/tp/4,فعال
223,کیهان,Kayhan,روزنامه,سراسری,FA,فرهنگی,https://www.kayhan.ir/fa/rss/tp/3,فعال
224,اطلاعات,Ettelaat,روزنامه,سراسری,FA,همه اخبار,http://www.ettelaat.com/et-srv/fa/rss/allnews,فعال
225,شرق,Shargh,روزنامه,سراسری,FA,همه اخبار,https://www.sharghdaily.com/fa/rss/allnews,فعال
226,شرق,Shargh,روزنامه,سراسری,FA,سیاسی,https://www.sharghdaily.com/fa/rss/tp/1,فعال
227,شرق,Shargh,روزنامه,سراسری,FA,اقتصادی,https://www.sharghdaily.com/fa/rss/tp/2,فعال
228,شرق,Shargh,روزنامه,سراسری,FA,اجتماعی,https://www.sharghdaily.com/fa/rss/tp/3,فعال
229,شرق,Shargh,روزنامه,سراسری,FA,فرهنگی,https://www.sharghdaily.com/fa/rss/tp/4,فعال
230,ایران,Iran Newspaper,روزنامه,سراسری,FA,همه اخبار,https://www.iran-newspaper.com/fa/rss/allnews,فعال
231,ایران,Iran Newspaper,روزنامه,سراسری,FA,سیاسی,https://www.iran-newspaper.com/fa/rss/tp/1,فعال
232,ایران,Iran Newspaper,روزنامه,سراسری,FA,اقتصادی,https://www.iran-newspaper.com/fa/rss/tp/2,فعال
233,وطن امروز,Vatan Emruz,روزنامه,سراسری,FA,همه اخبار,https://www.vatanemrooz.ir/fa/rss/allnews,فعال
234,وطن امروز,Vatan Emruz,روزنامه,سراسری,FA,سیاسی,https://www.vatanemrooz.ir/fa/rss/tp/1,فعال
235,فرهیختگان,Farheekhtegan,روزنامه,سراسری,FA,همه اخبار,https://farheekhtegan.ir/fa/rss/allnews,فعال
236,فرهیختگان,Farheekhtegan,روزنامه,سراسری,FA,دانشگاهی,https://farheekhtegan.ir/fa/rss/tp/1,فعال
237,فرهیختگان,Farheekhtegan,روزنامه,سراسری,FA,اقتصادی,https://farheekhtegan.ir/fa/rss/tp/2,فعال
238,جوان,Javan,روزنامه,سراسری,FA,همه اخبار,https://www.javanonline.ir/fa/rss/allnews,فعال
239,جوان,Javan,روزنامه,سراسری,FA,سیاسی,https://www.javanonline.ir/fa/rss/tp/1,فعال
240,خراسان,Khorasan,روزنامه,سراسری,FA,همه اخبار,https://www.khorasannews.com/fa/rss/allnews,فعال
241,خراسان,Khorasan,روزنامه,سراسری,FA,سیاسی,https://www.khorasannews.com/fa/rss/tp/1,فعال
242,خراسان,Khorasan,روزنامه,سراسری,FA,اقتصادی,https://www.khorasannews.com/fa/rss/tp/2,فعال
243,آرمان ملی,Arman Meli,روزنامه,سراسری,FA,همه اخبار,https://www.armannews.ir/fa/rss/allnews,فعال
244,آفتاب یزد,Aftab Yazd,روزنامه,سراسری,FA,همه اخبار,https://www.aftabyazd.ir/fa/rss/allnews,فعال
245,صبح نو,Sobh No,روزنامه,سراسری,FA,همه اخبار,https://sobheno.ir/fa/rss/allnews,فعال
246,شهروند,Shahrvand,روزنامه,سراسری,FA,همه اخبار,https://shahrvand-newspaper.ir/fa/rss/allnews,فعال
247,رسالت,Resalat,روزنامه,سراسری,FA,همه اخبار,https://www.resalat-news.com/fa/rss/allnews,فعال
248,جمهوری اسلامی,Jomhouri Eslami,روزنامه,سراسری,FA,همه اخبار,https://www.jomhourieslami.com/rss,فعال
249,قانون,Qanoon,روزنامه,سراسری,FA,همه اخبار,https://www.qanoonmag.ir/fa/rss/allnews,فعال
250,سازندگی,Sazandegi,روزنامه,سراسری,FA,همه اخبار,https://www.sazandegidaily.com/fa/rss/allnews,فعال
251,اعتماد,Etemad,روزنامه,سراسری,FA,همه اخبار,https://www.etemadnewspaper.ir/fa/rss/allnews,فعال
252,اعتماد,Etemad,روزنامه,سراسری,FA,سیاسی,https://www.etemadnewspaper.ir/fa/rss/tp/1,فعال
253,دنیای اقتصاد,Donya-e-Eqtesad,رسانه اقتصادی,سراسری,FA,همه اخبار,https://donya-e-eqtesad.com/rss,فعال
254,دنیای اقتصاد,Donya-e-Eqtesad,رسانه اقتصادی,سراسری,FA,بازار سرمایه,https://donya-e-eqtesad.com/rss/id/1,فعال
255,دنیای اقتصاد,Donya-e-Eqtesad,رسانه اقتصادی,سراسری,FA,ارز,https://donya-e-eqtesad.com/rss/id/2,فعال
256,دنیای اقتصاد,Donya-e-Eqtesad,رسانه اقتصادی,سراسری,FA,مسکن,https://donya-e-eqtesad.com/rss/id/3,فعال
257,دنیای اقتصاد,Donya-e-Eqtesad,رسانه اقتصادی,سراسری,FA,انرژی,https://donya-e-eqtesad.com/rss/id/4,فعال
258,دنیای اقتصاد,Donya-e-Eqtesad,رسانه اقتصادی,سراسری,FA,کسب‌وکار,https://donya-e-eqtesad.com/rss/id/5,فعال
259,دنیای اقتصاد,Donya-e-Eqtesad,رسانه اقتصادی,سراسری,FA,بانک,https://donya-e-eqtesad.com/rss/id/6,فعال
260,اقتصادنیوز,Eghtesad News,رسانه اقتصادی,سراسری,FA,همه اخبار,https://www.eghtesadnews.com/fa/rss/allnews,فعال
261,اقتصادنیوز,Eghtesad News,رسانه اقتصادی,سراسری,FA,بورس,https://www.eghtesadnews.com/fa/rss/tp/1,فعال
262,اقتصادنیوز,Eghtesad News,رسانه اقتصادی,سراسری,FA,ارز,https://www.eghtesadnews.com/fa/rss/tp/2,فعال
263,اقتصادنیوز,Eghtesad News,رسانه اقتصادی,سراسری,FA,طلا,https://www.eghtesadnews.com/fa/rss/tp/3,فعال
264,اقتصادنیوز,Eghtesad News,رسانه اقتصادی,سراسری,FA,مسکن,https://www.eghtesadnews.com/fa/rss/tp/4,فعال
265,اقتصادنیوز,Eghtesad News,رسانه اقتصادی,سراسری,FA,نفت,https://www.eghtesadnews.com/fa/rss/tp/5,فعال
266,اقتصادنیوز,Eghtesad News,رسانه اقتصادی,سراسری,FA,بانک,https://www.eghtesadnews.com/fa/rss/tp/6,فعال
267,اقتصادآنلاین,Eghtesad Online,رسانه اقتصادی,سراسری,FA,همه اخبار,https://www.eghtesadonline.com/fa/rss/allnews,فعال
268,اقتصادآنلاین,Eghtesad Online,رسانه اقتصادی,سراسری,FA,بورس,https://www.eghtesadonline.com/fa/rss/tp/1,فعال
269,اقتصادآنلاین,Eghtesad Online,رسانه اقتصادی,سراسری,FA,ارز,https://www.eghtesadonline.com/fa/rss/tp/2,فعال
270,اقتصادآنلاین,Eghtesad Online,رسانه اقتصادی,سراسری,FA,بانک,https://www.eghtesadonline.com/fa/rss/tp/4,فعال
271,اقتصادآنلاین,Eghtesad Online,رسانه اقتصادی,سراسری,FA,انرژی,https://www.eghtesadonline.com/fa/rss/tp/5,فعال
272,تجارت فردا,Tejarat Farda,رسانه اقتصادی,سراسری,FA,همه اخبار,https://www.tejaratefarda.com/fa/rss/allnews,فعال
273,تجارت فردا,Tejarat Farda,رسانه اقتصادی,سراسری,FA,بازارها,https://www.tejaratefarda.com/fa/rss/tp/1,فعال
274,تجارت فردا,Tejarat Farda,رسانه اقتصادی,سراسری,FA,کسب‌وکار,https://www.tejaratefarda.com/fa/rss/tp/2,فعال
275,تجارت فردا,Tejarat Farda,رسانه اقتصادی,سراسری,FA,اقتصاد کلان,https://www.tejaratefarda.com/fa/rss/tp/3,فعال
276,بورس نیوز,Bourse News,رسانه اقتصادی,سراسری,FA,همه اخبار,https://www.boursenews.ir/fa/rss/allnews,فعال
277,بورس نیوز,Bourse News,رسانه اقتصادی,سراسری,FA,بورس,https://www.boursenews.ir/fa/rss/tp/1,فعال
278,بورس نیوز,Bourse News,رسانه اقتصادی,سراسری,FA,فارکس,https://www.boursenews.ir/fa/rss/tp/2,فعال
279,بورس نیوز,Bourse News,رسانه اقتصادی,سراسری,FA,ارز,https://www.boursenews.ir/fa/rss/tp/3,فعال
280,بورس نیوز,Bourse News,رسانه اقتصادی,سراسری,FA,طلا,https://www.boursenews.ir/fa/rss/tp/4,فعال
281,ایمنا,IMNA,رسانه اقتصادی,سراسری,FA,همه اخبار,https://www.imna.ir/rss,فعال
282,ایمنا,IMNA,رسانه اقتصادی,سراسری,FA,اقتصاد,https://www.imna.ir/rss/id/2,فعال
283,ایمنا,IMNA,رسانه اقتصادی,سراسری,FA,اجتماعی,https://www.imna.ir/rss/id/3,فعال
284,ابرار اقتصادی,Abrar Eqtesadi,رسانه اقتصادی,سراسری,FA,همه اخبار,https://abareqtesadi.ir/fa/rss/allnews,فعال
285,ابرار اقتصادی,Abrar Eqtesadi,رسانه اقتصادی,سراسری,FA,بانک,https://abareqtesadi.ir/fa/rss/tp/1,فعال
286,فایننشال تریبون,Financial Tribune,رسانه اقتصادی,سراسری,EN,همه اخبار,https://financialtribune.com/national.xml,فعال
287,فایننشال تریبون,Financial Tribune,رسانه اقتصادی,سراسری,EN,ملی,https://financialtribune.com/sections/national/rss.xml,فعال
288,فایننشال تریبون,Financial Tribune,رسانه اقتصادی,سراسری,EN,بین‌الملل,https://financialtribune.com/sections/international/rss.xml,فعال
289,فایننشال تریبون,Financial Tribune,رسانه اقتصادی,سراسری,EN,همه فیدها,https://financialtribune.com/content/rss-feeds,فعال
290,ایران دیلی,Iran Daily,رسانه اقتصادی,سراسری,EN,همه اخبار,https://irandaily.ir/News/Feed2,فعال
291,ورزش سه,Varzesh3,رسانه ورزشی,سراسری,FA,همه اخبار,https://www.varzesh3.com/rss/all,فعال
292,ورزش سه,Varzesh3,رسانه ورزشی,سراسری,FA,فوتبال,https://www.varzesh3.com/rss/football,فعال
293,ورزش سه,Varzesh3,رسانه ورزشی,سراسری,FA,فوتبال ایران,https://www.varzesh3.com/rss/iranfootball,فعال
294,ورزش سه,Varzesh3,رسانه ورزشی,سراسری,FA,والیبال,https://www.varzesh3.com/rss/volleyball,فعال
295,ورزش سه,Varzesh3,رسانه ورزشی,سراسری,FA,کشتی,https://www.varzesh3.com/rss/wrestling,فعال
296,ورزش سه,Varzesh3,رسانه ورزشی,سراسری,FA,بسکتبال,https://www.varzesh3.com/rss/basketball,فعال
297,ورزش سه,Varzesh3,رسانه ورزشی,سراسری,FA,فرمول یک,https://www.varzesh3.com/rss/f1,فعال
298,ورزش سه,Varzesh3,رسانه ورزشی,سراسری,FA,تنیس,https://www.varzesh3.com/rss/tennis,فعال
299,گل,Goal,رسانه ورزشی,سراسری,FA,همه اخبار,https://www.goal.com/fa/rss/world,فعال
300,گل,Goal,رسانه ورزشی,سراسری,FA,ایران,https://www.goal.com/fa/rss/iran,فعال
301,گل,Goal,رسانه ورزشی,سراسری,FA,لیگ برتر,https://www.goal.com/fa/rss/leagues/iran,فعال
302,پارس فوتبال,Pars Football,رسانه ورزشی,سراسری,FA,همه اخبار,https://www.parsfootball.com/rss/allnews,فعال
303,پارس فوتبال,Pars Football,رسانه ورزشی,سراسری,FA,لیگ برتر,https://www.parsfootball.com/rss/ligbartar,فعال
304,پارس فوتبال,Pars Football,رسانه ورزشی,سراسری,FA,ملی پوشان,https://www.parsfootball.com/rss/melli,فعال
305,خبر ورزشی,Khabarvarzeshi,رسانه ورزشی,سراسری,FA,همه اخبار,https://www.khabarvarzeshi.com/fa/rss/allnews,فعال
306,خبر ورزشی,Khabarvarzeshi,رسانه ورزشی,سراسری,FA,فوتبال,https://www.khabarvarzeshi.com/fa/rss/tp/1,فعال
307,خبر ورزشی,Khabarvarzeshi,رسانه ورزشی,سراسری,FA,والیبال,https://www.khabarvarzeshi.com/fa/rss/tp/2,فعال
308,فوتبال پرشین,Persian Football,رسانه ورزشی,سراسری,FA,همه اخبار,https://www.persianfootball.com/rss,فعال
309,ایکنا,IQNA,رسانه مذهبی,سراسری,FA,همه اخبار,https://iqna.ir/fa/rss,فعال
310,ایکنا,IQNA,رسانه مذهبی,سراسری,FA,قرآن,https://iqna.ir/fa/rss/tp/1,فعال
311,ایکنا,IQNA,رسانه مذهبی,سراسری,FA,بین‌الملل,https://iqna.ir/fa/rss/tp/2,فعال
312,ایکنا,IQNA,رسانه مذهبی,سراسری,FA,استانی,https://iqna.ir/fa/rss/tp/3,فعال
313,ایکنا انگلیسی,IQNA English,رسانه مذهبی,سراسری,EN,همه اخبار,https://iqna.ir/en/rss,فعال
314,حوزه نیوز,Hawzah News,رسانه مذهبی,سراسری,FA,همه اخبار,https://www.hawzahnews.com/fa/rss/allnews,فعال
315,حوزه نیوز,Hawzah News,رسانه مذهبی,سراسری,FA,علمی حوزوی,https://www.hawzahnews.com/fa/rss/tp/1,فعال
316,حوزه نیوز,Hawzah News,رسانه مذهبی,سراسری,FA,فقه,https://www.hawzahnews.com/fa/rss/tp/2,فعال
317,حوزه نیوز انگلیسی,Hawzah News EN,رسانه مذهبی,سراسری,EN,همه اخبار,https://en.hawzahnews.com/rss,فعال
318,شفقنا,Shafaqna,رسانه مذهبی,سراسری,FA,همه اخبار,https://shafaqna.com/farsi/rss,فعال
319,شفقنا,Shafaqna,رسانه مذهبی,سراسری,FA,بین‌الملل,https://shafaqna.com/farsi/rss/international,فعال
320,اهل بیت نیوز,AhlulBayt News,رسانه مذهبی,سراسری,FA,همه اخبار,https://www.abna24.com/rss,فعال
321,اهل بیت نیوز,AhlulBayt News,رسانه مذهبی,سراسری,EN,همه اخبار,https://en.abna24.com/rss,فعال
322,شیعه نیوز,Shia News,رسانه مذهبی,سراسری,FA,همه اخبار,https://www.shia-news.com/fa/rss/allnews,فعال
323,شیعه نیوز,Shia News,رسانه مذهبی,سراسری,FA,سیاسی,https://www.shia-news.com/fa/rss/tp/1,فعال
324,زومیت,Zoomit,رسانه فناوری,سراسری,FA,همه اخبار,https://www.zoomit.ir/feed,فعال
325,زومیت,Zoomit,رسانه فناوری,سراسری,FA,موبایل,https://www.zoomit.ir/feed/mobile,فعال
326,زومیت,Zoomit,رسانه فناوری,سراسری,FA,هوش مصنوعی,https://www.zoomit.ir/feed/ai,فعال
327,زومیت,Zoomit,رسانه فناوری,سراسری,FA,بازی,https://www.zoomit.ir/feed/gaming,فعال
328,دیجیاتو,Digiato,رسانه فناوری,سراسری,FA,همه اخبار,https://www.digiato.com/feed,فعال
329,دیجیاتو,Digiato,رسانه فناوری,سراسری,FA,موبایل,https://www.digiato.com/feed/mobile,فعال
330,دیجیاتو,Digiato,رسانه فناوری,سراسری,FA,لپ‌تاپ,https://www.digiato.com/feed/laptop,فعال
331,گرداب,Gerdab,رسانه فناوری,سراسری,FA,همه اخبار,https://www.gerdab.ir/fa/rss/allnews,فعال
332,گرداب,Gerdab,رسانه فناوری,سراسری,FA,فضای مجازی,https://www.gerdab.ir/fa/rss/tp/1,فعال
333,ایستنا,ISTNA,رسانه فناوری,سراسری,FA,همه اخبار,https://www.istna.ir/fa/rss/allnews,فعال
334,ایستنا,ISTNA,رسانه فناوری,سراسری,FA,IT,https://www.istna.ir/fa/rss/tp/1,فعال
335,ایران آی‌تی,Iran IT,رسانه فناوری,سراسری,FA,همه اخبار,https://www.itiran.com/rss,فعال
336,شبکه,Shabakeh,رسانه فناوری,سراسری,FA,همه اخبار,https://www.shabakeh-mag.com/rss,فعال
337,سینماپرس,Cinemapress,رسانه فرهنگی-هنری,سراسری,FA,همه اخبار,https://www.cinemapress.ir/rss,فعال
338,سینماپرس,Cinemapress,رسانه فرهنگی-هنری,سراسری,FA,سینما,https://www.cinemapress.ir/rss/tp/1,فعال
339,سینماپرس,Cinemapress,رسانه فرهنگی-هنری,سراسری,FA,تئاتر,https://www.cinemapress.ir/rss/tp/2,فعال
340,سینماخبر,Cinemakhabar,رسانه فرهنگی-هنری,سراسری,FA,همه اخبار,https://www.cinemakhabar.ir/rss,فعال
341,سینماخبر,Cinemakhabar,رسانه فرهنگی-هنری,سراسری,FA,فیلم,https://www.cinemakhabar.ir/rss/tp/1,فعال
342,هنرآنلاین,Honar Online,رسانه فرهنگی-هنری,سراسری,FA,همه اخبار,https://www.honarpress.com/rss,فعال
343,موسیقی ما,Musicema,رسانه فرهنگی-هنری,سراسری,FA,همه اخبار,https://www.musicema.com/rss,فعال
344,میزان آنلاین,Mizan Online,رسانه حقوقی-قضایی,سراسری,FA,همه اخبار,https://www.mizanonline.ir/fa/rss/allnews,فعال
345,میزان آنلاین,Mizan Online,رسانه حقوقی-قضایی,سراسری,FA,قضایی,https://www.mizanonline.ir/fa/rss/tp/1,فعال
346,میزان آنلاین,Mizan Online,رسانه حقوقی-قضایی,سراسری,FA,حقوقی,https://www.mizanonline.ir/fa/rss/tp/2,فعال
347,پانا,PANA,رسانه آموزشی,سراسری,FA,همه اخبار,https://www.pana.ir/fa/rss/allnews,فعال
348,پانا,PANA,رسانه آموزشی,سراسری,FA,آموزش,https://www.pana.ir/fa/rss/tp/1,فعال
349,پانا,PANA,رسانه آموزشی,سراسری,FA,پژوهش,https://www.pana.ir/fa/rss/tp/2,فعال
350,تهران تایمز,Tehran Times,رسانه بین‌المللی,سراسری,EN,همه اخبار,https://www.tehrantimes.com/rss,فعال
351,تهران تایمز,Tehran Times,رسانه بین‌المللی,سراسری,EN,سیاسی,https://www.tehrantimes.com/rss/id/1,فعال
352,تهران تایمز,Tehran Times,رسانه بین‌المللی,سراسری,EN,اقتصادی,https://www.tehrantimes.com/rss/id/2,فعال
353,تهران تایمز,Tehran Times,رسانه بین‌المللی,سراسری,EN,ورزشی,https://www.tehrantimes.com/rss/id/5,فعال
354,پرس‌تی‌وی,Press TV,رسانه بین‌المللی,سراسری,EN,همه اخبار,https://www.presstv.ir/rss.xml,فعال
355,پرس‌تی‌وی,Press TV,رسانه بین‌المللی,سراسری,EN,ایران,https://www.presstv.ir/RSS/Section/10101,فعال
356,پرس‌تی‌وی,Press TV,رسانه بین‌المللی,سراسری,EN,خاورمیانه,https://www.presstv.ir/RSS/Section/10138,فعال
357,پرس‌تی‌وی,Press TV,رسانه بین‌المللی,سراسری,EN,بین‌الملل,https://www.presstv.ir/RSS/Section/10137,فعال
358,ایران فرانت پیج,IFP News,رسانه بین‌المللی,سراسری,EN,همه اخبار,https://ifpnews.com/feed,فعال
359,ایران اینترنشنال,Iran International,رسانه بین‌المللی,سراسری,FA,همه اخبار,https://www.iranintl.com/rss,فعال
360,ایران اینترنشنال,Iran International,رسانه بین‌المللی,سراسری,FA,ایران,https://www.iranintl.com/rss/iran,فعال
361,ایران وایر,IranWire,رسانه بین‌المللی,سراسری,EN,همه اخبار,https://iranwire.com/en/feed,فعال
362,ایران هرالد,Iran Herald,رسانه بین‌المللی,سراسری,EN,همه اخبار,http://feeds.iranherald.com/rss/1b76a2b4cf7810bd,فعال
363,ایران فوکوس,Iran Focus,رسانه بین‌المللی,سراسری,EN,همه اخبار,https://www.iranfocus.com/en/feed/,فعال
364,رادیو فردا,Radio Farda,رسانه بین‌المللی,سراسری,FA,همه اخبار,https://www.radiofarda.com/api/zgqo-uyit-v,فعال
365,رادیو فردا انگلیسی,Radio Farda EN,رسانه بین‌المللی,سراسری,EN,همه اخبار,https://en.radiofarda.com/api/zgqo-uyit-v,فعال
366,ایرنا خراسان رضوی,IRNA Khorasan,رسانه استانی,خراسان رضوی,FA,اخبار استان,https://www.irna.ir/fa/rss.aspx?kind=16&prov=30,فعال
367,ایرنا اصفهان,IRNA Isfahan,رسانه استانی,اصفهان,FA,اخبار استان,https://www.irna.ir/fa/rss.aspx?kind=16&prov=10,فعال
368,ایرنا تهران,IRNA Tehran,رسانه استانی,تهران,FA,اخبار استان,https://www.irna.ir/fa/rss.aspx?kind=16&prov=23,فعال
369,ایرنا فارس,IRNA Fars,رسانه استانی,فارس,FA,اخبار استان,https://www.irna.ir/fa/rss.aspx?kind=16&prov=11,فعال
370,ایرنا آذربایجان شرقی,IRNA E.Azerbaijan,رسانه استانی,آذربایجان شرقی,FA,اخبار استان,https://www.irna.ir/fa/rss.aspx?kind=16&prov=1,فعال
371,ایرنا خوزستان,IRNA Khuzestan,رسانه استانی,خوزستان,FA,اخبار استان,https://www.irna.ir/fa/rss.aspx?kind=16&prov=13,فعال
372,ایرنا گیلان,IRNA Gilan,رسانه استانی,گیلان,FA,اخبار استان,https://www.irna.ir/fa/rss.aspx?kind=16&prov=14,فعال
373,ایرنا مازندران,IRNA Mazandaran,رسانه استانی,مازندران,FA,اخبار استان,https://www.irna.ir/fa/rss.aspx?kind=16&prov=19,فعال
374,ایرنا کرمانشاه,IRNA Kermanshah,رسانه استانی,کرمانشاه,FA,اخبار استان,https://www.irna.ir/fa/rss.aspx?kind=16&prov=15,فعال
375,ایرنا سیستان,IRNA Sistan,رسانه استانی,سیستان و بلوچستان,FA,اخبار استان,https://www.irna.ir/fa/rss.aspx?kind=16&prov=22,فعال
376,مهر تهران,Mehr Tehran,رسانه استانی,تهران,FA,اخبار استان,https://www.mehrnews.com/rss/pl/1,فعال
377,مهر مشهد,Mehr Mashhad,رسانه استانی,خراسان رضوی,FA,اخبار استان,https://www.mehrnews.com/rss/pl/15,فعال
378,مهر اصفهان,Mehr Isfahan,رسانه استانی,اصفهان,FA,اخبار استان,https://www.mehrnews.com/rss/pl/5,فعال
379,مهر شیراز,Mehr Shiraz,رسانه استانی,فارس,FA,اخبار استان,https://www.mehrnews.com/rss/pl/10,فعال
380,مهر اهواز,Mehr Ahvaz,رسانه استانی,خوزستان,FA,اخبار استان,https://www.mehrnews.com/rss/pl/11,فعال
381,مهر تبریز,Mehr Tabriz,رسانه استانی,آذربایجان شرقی,FA,اخبار استان,https://www.mehrnews.com/rss/pl/2,فعال
382,مهر رشت,Mehr Rasht,رسانه استانی,گیلان,FA,اخبار استان,https://www.mehrnews.com/rss/pl/13,فعال
383,مهر ساری,Mehr Sari,رسانه استانی,مازندران,FA,اخبار استان,https://www.mehrnews.com/rss/pl/17,فعال
384,مهر کرمان,Mehr Kerman,رسانه استانی,کرمان,FA,اخبار استان,https://www.mehrnews.com/rss/pl/16,فعال
385,مهر اردبیل,Mehr Ardabil,رسانه استانی,اردبیل,FA,اخبار استان,https://www.mehrnews.com/rss/pl/4,فعال
386,شهرخبر,Shahrekhabar,رسانه اجتماعی-شهری,سراسری,FA,همه اخبار,https://www.shahrekhabar.com/rssfeeds,فعال
387,ایران نیوز,Iran News Daily,رسانه اجتماعی-شهری,سراسری,EN,همه اخبار,https://www.irannewsdaily.com/feed,فعال
388,ورزش سه,Varzesh3,رسانه ورزشی,سراسری,FA,همه اخبار,https://www.varzesh3.com/rss,فعال
389,ورزش سه,Varzesh3,رسانه ورزشی,سراسری,FA,فوتبال,https://www.varzesh3.com/rss/tp/1,فعال
390,ورزش سه,Varzesh3,رسانه ورزشی,سراسری,FA,والیبال,https://www.varzesh3.com/rss/tp/2,فعال
391,ورزش سه,Varzesh3,رسانه ورزشی,سراسری,FA,کشتی,https://www.varzesh3.com/rss/tp/3,فعال
392,ورزش سه,Varzesh3,رسانه ورزشی,سراسری,FA,بسکتبال,https://www.varzesh3.com/rss/tp/4,فعال
393,ورزش سه,Varzesh3,رسانه ورزشی,سراسری,FA,فوتبال بین‌الملل,https://www.varzesh3.com/rss/tp/5,فعال
394,ورزش سه,Varzesh3,رسانه ورزشی,سراسری,FA,ورزش‌های رزمی,https://www.varzesh3.com/rss/tp/6,فعال
395,ورزش سه,Varzesh3,رسانه ورزشی,سراسری,FA,شنا,https://www.varzesh3.com/rss/tp/7,فعال
396,ورزش سه,Varzesh3,رسانه ورزشی,سراسری,FA,ورزش زنان,https://www.varzesh3.com/rss/tp/8,فعال
397,خبر ورزشی,Khabar Varzeshi,رسانه ورزشی,سراسری,FA,همه اخبار,https://www.khabarvarzeshi.com/rss,فعال
398,خبر ورزشی,Khabar Varzeshi,رسانه ورزشی,سراسری,FA,فوتبال,https://www.khabarvarzeshi.com/rss/tp/1,فعال
399,خبر ورزشی,Khabar Varzeshi,رسانه ورزشی,سراسری,FA,فوتبال بین‌الملل,https://www.khabarvarzeshi.com/rss/tp/2,فعال
400,فوتبال ایران,Football Iran,رسانه ورزشی,سراسری,FA,همه اخبار,https://www.footballiran.com/rss,فعال
401,فوتبال ۱۱,Football 11,رسانه ورزشی,سراسری,FA,همه اخبار,https://football11.ir/feed,فعال
402,پارس فوتبال,Pars Football,رسانه ورزشی,سراسری,FA,همه اخبار,https://www.parsfootball.com/rss,فعال
403,لیگ برتر,Iran Football League,رسانه ورزشی,سراسری,FA,همه اخبار,https://lfp.ir/rss,فعال
404,نود,Navad,رسانه ورزشی,سراسری,FA,همه اخبار,https://www.navad90.ir/rss,فعال
405,ورزشی نیوز,Varzeshi News,رسانه ورزشی,سراسری,FA,همه اخبار,https://www.varzshinews.com/rss,فعال
406,والیبال ایران,Volleyball Iran,رسانه ورزشی,سراسری,FA,همه اخبار,https://www.volleyball.ir/rss,فعال
407,کشتی ایران,Wrestling Iran,رسانه ورزشی,سراسری,FA,همه اخبار,https://irwf.ir/rss,فعال
408,زومیت,Zoomit,رسانه فناوری,سراسری,FA,همه اخبار,https://feeds.zoomit.ir/zoomit/rss,فعال
409,زومیت,Zoomit,رسانه فناوری,سراسری,FA,موبایل,https://feeds.zoomit.ir/zoomit/mobile,فعال
410,زومیت,Zoomit,رسانه فناوری,سراسری,FA,لپ‌تاپ,https://feeds.zoomit.ir/zoomit/laptop,فعال
411,زومیت,Zoomit,رسانه فناوری,سراسری,FA,هوش مصنوعی,https://feeds.zoomit.ir/zoomit/ai,فعال
412,زومیت,Zoomit,رسانه فناوری,سراسری,FA,بازی,https://feeds.zoomit.ir/zoomit/game,فعال
413,زومیت,Zoomit,رسانه فناوری,سراسری,FA,اینترنت,https://feeds.zoomit.ir/zoomit/internet,فعال
414,زومیت,Zoomit,رسانه فناوری,سراسری,FA,سخت‌افزار,https://feeds.zoomit.ir/zoomit/hardware,فعال
415,دیجیاتو,Digiato,رسانه فناوری,سراسری,FA,همه اخبار,https://digiato.com/feed,فعال
416,دیجیاتو,Digiato,رسانه فناوری,سراسری,FA,موبایل,https://digiato.com/feed/category/mobile,فعال
417,دیجیاتو,Digiato,رسانه فناوری,سراسری,FA,بازی,https://digiato.com/feed/category/gaming,فعال
418,ایکنا - فناوری,ICTNA,رسانه فناوری,سراسری,FA,همه اخبار,https://www.ictna.ir/fa/rss/allnews,فعال
419,ایکنا - فناوری,ICTNA,رسانه فناوری,سراسری,FA,فناوری اطلاعات,https://www.ictna.ir/fa/rss/tp/1,فعال
420,ایکنا - فناوری,ICTNA,رسانه فناوری,سراسری,FA,مخابرات,https://www.ictna.ir/fa/rss/tp/2,فعال
421,تک‌نا,Techna,رسانه فناوری,سراسری,FA,همه اخبار,https://techna.ir/feed,فعال
422,شبکه,Shabakeh,رسانه فناوری,سراسری,FA,همه اخبار,https://www.shabakeh-mag.com/rss,فعال
423,شبکه,Shabakeh,رسانه فناوری,سراسری,FA,امنیت,https://www.shabakeh-mag.com/rss/security,فعال
424,دیجی‌کالا مگ,Digikala Mag,رسانه فناوری,سراسری,FA,همه اخبار,https://mag.digikala.com/feed,فعال
425,ایران تکنو,Iran Techno,رسانه فناوری,سراسری,FA,همه اخبار,https://irantechno.com/feed,فعال
426,بازار موبایل,Bazare Mobile,رسانه فناوری,سراسری,FA,همه اخبار,https://bazaremobile.com/feed,فعال
427,گجت نیوز,Gadgetnews,رسانه فناوری,سراسری,FA,همه اخبار,https://gadgetnews.net/feed,فعال
428,آی‌تی‌ایران,ITIran,رسانه فناوری,سراسری,FA,همه اخبار,https://itiran.com/feed,فعال
429,پردازش,Pardazesh,رسانه فناوری,سراسری,FA,همه اخبار,https://pardazesh.ir/feed,فعال
430,ایران‌آی‌تی,IranIT,رسانه فناوری,سراسری,FA,همه اخبار,https://www.iranit.net/rss,فعال
431,هنرآنلاین,Honar Online,رسانه فرهنگی-هنری,سراسری,FA,همه اخبار,https://www.honaronline.ir/fa/rss/allnews,فعال
432,هنرآنلاین,Honar Online,رسانه فرهنگی-هنری,سراسری,FA,سینما,https://www.honaronline.ir/fa/rss/tp/1,فعال
433,هنرآنلاین,Honar Online,رسانه فرهنگی-هنری,سراسری,FA,موسیقی,https://www.honaronline.ir/fa/rss/tp/2,فعال
434,هنرآنلاین,Honar Online,رسانه فرهنگی-هنری,سراسری,FA,تئاتر,https://www.honaronline.ir/fa/rss/tp/3,فعال
435,هنرآنلاین,Honar Online,رسانه فرهنگی-هنری,سراسری,FA,کتاب,https://www.honaronline.ir/fa/rss/tp/4,فعال
436,ایبنا,IBNA,رسانه فرهنگی-هنری,سراسری,FA,همه اخبار,https://www.ibna.ir/fa/rss/allnews,فعال
437,ایبنا,IBNA,رسانه فرهنگی-هنری,سراسری,FA,کتاب,https://www.ibna.ir/fa/rss/tp/1,فعال
438,ایبنا,IBNA,رسانه فرهنگی-هنری,سراسری,FA,نشر,https://www.ibna.ir/fa/rss/tp/2,فعال
439,سینما پرس,Cinema Press,رسانه فرهنگی-هنری,سراسری,FA,همه اخبار,https://www.cinemapress.ir/rss,فعال
440,سینما پرس,Cinema Press,رسانه فرهنگی-هنری,سراسری,FA,فیلم,https://www.cinemapress.ir/rss/tp/1,فعال
441,فارس فرهنگ,Fars Culture,رسانه فرهنگی-هنری,سراسری,FA,همه اخبار,https://www.farsnews.ir/rss/fn14000000000000000000000000000000005,فعال
442,موزیک ایران,Music Iran,رسانه فرهنگی-هنری,سراسری,FA,همه اخبار,https://music.ir/feed,فعال
443,برترین‌ها,Bartarinha,رسانه فرهنگی-هنری,سراسری,FA,همه اخبار,https://www.bartarinha.ir/fa/rss/allnews,فعال
444,برترین‌ها,Bartarinha,رسانه فرهنگی-هنری,سراسری,FA,سینما,https://www.bartarinha.ir/fa/rss/tp/5,فعال
445,تیک‌فیلم,Tickfilm,رسانه فرهنگی-هنری,سراسری,FA,همه اخبار,https://www.tickfilm.ir/rss,فعال
446,فرهنگ‌امروز,Farhang Emruz,رسانه فرهنگی-هنری,سراسری,FA,همه اخبار,https://farhangemrooz.com/rss,فعال
447,کتاب‌نیوز,Ketabnews,رسانه فرهنگی-هنری,سراسری,FA,همه اخبار,https://www.ketabnews.com/rss,فعال
448,سازمان سینمایی,Cinema Organization,رسانه فرهنگی-هنری,سراسری,FA,همه اخبار,https://www.farhang.gov.ir/rss,فعال
449,شفقنا,Shafaqna,رسانه مذهبی,سراسری,FA,همه اخبار,https://fa.shafaqna.com/feed,فعال
450,شفقنا,Shafaqna,رسانه مذهبی,سراسری,FA,اهل بیت,https://fa.shafaqna.com/feed/category/1,فعال
451,شفقنا,Shafaqna,رسانه مذهبی,سراسری,FA,ایران,https://fa.shafaqna.com/feed/category/2,فعال
452,شفقنا انگلیسی,Shafaqna EN,رسانه مذهبی,سراسری,EN,همه اخبار,https://en.shafaqna.com/feed,فعال
453,ایقنا,IQNA,رسانه مذهبی,سراسری,FA,همه اخبار,https://iqna.ir/fa/rss,فعال
454,ایقنا,IQNA,رسانه مذهبی,سراسری,FA,قرآنی,https://iqna.ir/fa/rss/tp/1,فعال
455,ایقنا,IQNA,رسانه مذهبی,سراسری,FA,ایران,https://iqna.ir/fa/rss/tp/2,فعال
456,ایقنا انگلیسی,IQNA English,رسانه مذهبی,سراسری,EN,همه اخبار,https://iqna.ir/en/rss,فعال
457,ایقنا عربی,IQNA Arabic,رسانه مذهبی,سراسری,AR,همه اخبار,https://iqna.ir/ar/rss,فعال
458,خبرگزاری حوزه,Hawzah News,رسانه مذهبی,سراسری,FA,همه اخبار,https://hawzahnews.com/fa/rss/allnews,فعال
459,خبرگزاری حوزه,Hawzah News,رسانه مذهبی,سراسری,FA,حوزوی,https://hawzahnews.com/fa/rss/tp/1,فعال
460,خبرگزاری حوزه,Hawzah News,رسانه مذهبی,سراسری,FA,اجتماعی,https://hawzahnews.com/fa/rss/tp/2,فعال
461,رسا,Rasa News,رسانه مذهبی,سراسری,FA,همه اخبار,https://rasanews.ir/fa/rss/allnews,فعال
462,رسا,Rasa News,رسانه مذهبی,سراسری,FA,حوزوی,https://rasanews.ir/fa/rss/tp/1,فعال
463,ابنا,ABNA,رسانه مذهبی,سراسری,FA,همه اخبار,https://abna24.com/fa/rss,فعال
464,ابنا انگلیسی,ABNA English,رسانه مذهبی,سراسری,EN,همه اخبار,https://en.abna24.com/rss,فعال
465,ابنا عربی,ABNA Arabic,رسانه مذهبی,سراسری,AR,همه اخبار,https://ar.abna24.com/rss,فعال
466,تبیان,Tebyan,رسانه مذهبی,سراسری,FA,همه اخبار,https://tebyan.net/rss,فعال
467,تبیان,Tebyan,رسانه مذهبی,سراسری,FA,دینی,https://tebyan.net/rss/id/1,فعال
468,مهدویت,Mahdaviat,رسانه مذهبی,سراسری,FA,همه اخبار,https://www.mahdaviat.ir/rss,فعال
469,موعود,Mouood,رسانه مذهبی,سراسری,FA,همه اخبار,https://www.mouood.ir/fa/rss/allnews,فعال
470,رهیافت,Rahyaft,رسانه مذهبی,سراسری,FA,همه اخبار,https://rahyaft.ir/rss,فعال
471,بلاغ,Balaghmag,رسانه مذهبی,سراسری,FA,همه اخبار,https://balaghmag.ir/rss,فعال
472,مشکوة,Meshkot,رسانه مذهبی,سراسری,FA,همه اخبار,https://meshkat.net/rss,فعال
473,قوه قضاییه,Judiciary,رسانه حقوقی-قضایی,سراسری,FA,همه اخبار,https://www.mizan.news/fa/rss/allnews,فعال
474,قوه قضاییه,Judiciary,رسانه حقوقی-قضایی,سراسری,FA,قضایی,https://www.mizan.news/fa/rss/tp/1,فعال
475,میزان آنلاین,Mizan Online,رسانه حقوقی-قضایی,سراسری,FA,همه اخبار,https://mizanonline.ir/fa/rss/allnews,فعال
476,میزان آنلاین,Mizan Online,رسانه حقوقی-قضایی,سراسری,FA,حقوقی,https://mizanonline.ir/fa/rss/tp/1,فعال
477,میزان آنلاین,Mizan Online,رسانه حقوقی-قضایی,سراسری,FA,اجتماعی,https://mizanonline.ir/fa/rss/tp/3,فعال
478,حقوق‌نیوز,Hoghoughnews,رسانه حقوقی-قضایی,سراسری,FA,همه اخبار,https://hoghoughonline.ir/rss,فعال
479,ایران‌هلث,Iran Health,رسانه بهداشت,سراسری,FA,همه اخبار,https://www.ihio.gov.ir/rss,فعال
480,سلامت نیوز,Salamat News,رسانه بهداشت,سراسری,FA,همه اخبار,https://salamatnews.com/rss,فعال
481,سلامت نیوز,Salamat News,رسانه بهداشت,سراسری,FA,بهداشت عمومی,https://salamatnews.com/rss/tp/1,فعال
482,سلامت نیوز,Salamat News,رسانه بهداشت,سراسری,FA,داروسازی,https://salamatnews.com/rss/tp/2,فعال
483,پزشکی,Pezeshki,رسانه بهداشت,سراسری,FA,همه اخبار,https://www.pezeshki.com/rss,فعال
484,سیناپرس,Sinapress,رسانه بهداشت,سراسری,FA,همه اخبار,https://sinapress.ir/rss,فعال
485,خبرهای پزشکی,Medical News,رسانه بهداشت,سراسری,FA,همه اخبار,https://www.medicalnewsfa.com/rss,فعال
486,مهر - سلامت,Mehr Health,رسانه بهداشت,سراسری,FA,سلامت,https://www.mehrnews.com/rss/tp/28,فعال
487,ایانا,IANA,رسانه کشاورزی,سراسری,FA,همه اخبار,https://www.iana.ir/fa/rss/allnews,فعال
488,ایانا,IANA,رسانه کشاورزی,سراسری,FA,کشاورزی,https://www.iana.ir/fa/rss/tp/1,فعال
489,ایانا,IANA,رسانه کشاورزی,سراسری,FA,دام,https://www.iana.ir/fa/rss/tp/2,فعال
490,آگری پرس,Agripress,رسانه کشاورزی,سراسری,FA,همه اخبار,https://www.agripress.ir/rss,فعال
491,جهان کشاورز,Jahan Keshavarzi,رسانه کشاورزی,سراسری,FA,همه اخبار,https://jahankeshavarz.ir/feed,فعال
492,آب‌وخاک,Ab va Khak,رسانه کشاورزی,سراسری,FA,همه اخبار,https://abvakhak.ir/feed,فعال
493,سازمان سنجش,Sanjesh,رسانه آموزشی,سراسری,FA,همه اخبار,https://www.sanjesh.org/rss,فعال
494,خبرگزاری دانشجویان,Student News,رسانه دانشجویی,سراسری,FA,همه اخبار,https://snn.ir/fa/rss/allnews,فعال
495,خبرگزاری دانشجویان,Student News,رسانه دانشجویی,سراسری,FA,دانشگاهی,https://snn.ir/fa/rss/tp/1,فعال
496,ایمنا دانشگاه,IMNA University,رسانه دانشجویی,سراسری,FA,دانشگاه,https://www.imna.ir/rss/id/9,فعال
497,خبرگزاری آموزشی,Edu News,رسانه آموزشی,سراسری,FA,همه اخبار,https://www.edukhabar.com/rss,فعال
498,فناوری آموزش,Fanavar Amouzesh,رسانه آموزشی,سراسری,FA,همه اخبار,https://entri.ir/rss,فعال
499,مدرسه‌ فردا,Madreseh Farda,رسانه آموزشی,سراسری,FA,همه اخبار,https://mdfarda.ir/feed,فعال
500,تهران تایمز,Tehran Times,رسانه بین‌المللی,سراسری,EN,همه اخبار,https://www.tehrantimes.com/rss,فعال
501,تهران تایمز,Tehran Times,رسانه بین‌المللی,سراسری,EN,ایران,https://www.tehrantimes.com/rss/tp/1,فعال
502,تهران تایمز,Tehran Times,رسانه بین‌المللی,سراسری,EN,سیاست,https://www.tehrantimes.com/rss/tp/2,فعال
503,تهران تایمز,Tehran Times,رسانه بین‌المللی,سراسری,EN,اقتصاد,https://www.tehrantimes.com/rss/tp/3,فعال
504,تهران تایمز,Tehran Times,رسانه بین‌المللی,سراسری,EN,ورزش,https://www.tehrantimes.com/rss/tp/4,فعال
505,تهران تایمز,Tehran Times,رسانه بین‌المللی,سراسری,EN,فرهنگ,https://www.tehrantimes.com/rss/tp/5,فعال
506,پرس‌تی‌وی,Press TV,رسانه بین‌المللی,سراسری,EN,همه اخبار,https://www.presstv.ir/homepagerss.aspx,فعال
507,پرس‌تی‌وی,Press TV,رسانه بین‌المللی,سراسری,EN,ایران,https://www.presstv.ir/Iran.aspx,فعال
508,پرس‌تی‌وی,Press TV,رسانه بین‌المللی,سراسری,EN,خاورمیانه,https://www.presstv.ir/Middle_East.aspx,فعال
509,پرس‌تی‌وی,Press TV,رسانه بین‌المللی,سراسری,EN,آمریکا,https://www.presstv.ir/Americas.aspx,فعال
510,پرس‌تی‌وی,Press TV,رسانه بین‌المللی,سراسری,EN,اروپا,https://www.presstv.ir/Europe.aspx,فعال
511,پرس‌تی‌وی,Press TV,رسانه بین‌المللی,سراسری,EN,علم‌وفناوری,https://www.presstv.ir/SciTech.aspx,فعال
512,المیادین فارسی,Al-Mayadeen FA,رسانه بین‌المللی,سراسری,FA,همه اخبار,https://www.almayadeen.net/rss/allnews,فعال
513,هیسپان تی‌وی,Hispan TV,رسانه بین‌المللی,سراسری,FA,همه اخبار,https://www.hispantv.com/fa/rss/allnews,فعال
514,هیسپان تی‌وی,Hispan TV,رسانه بین‌المللی,سراسری,FA,سیاسی,https://www.hispantv.com/fa/rss/tp/1,فعال
515,خبرگزاری عربی - فارسی,Arabic Persian,رسانه بین‌المللی,سراسری,AR,همه اخبار,https://arabic.news.cn/rss,فعال
516,ایران نیوز,Iran News,رسانه بین‌المللی,سراسری,EN,همه اخبار,https://www.iran-daily.com/rss,فعال
517,تهران‌پرس,Tehran Press,رسانه استانی,تهران,FA,اخبار استان,https://www.tehranpress.ir/rss,فعال
518,تهران امروز,Tehran Today,رسانه استانی,تهران,FA,اخبار استان,https://www.tehrantoday.ir/fa/rss/allnews,فعال
519,ایسنا تهران,ISNA Tehran,رسانه استانی,تهران,FA,اخبار استان,https://www.isna.ir/rss/province/1,فعال
520,مهر تهران,Mehr Tehran,رسانه استانی,تهران,FA,اخبار استان,https://www.mehrnews.com/rss/pl/1,فعال
521,تهران‌آنلاین,Tehran Online,رسانه استانی,تهران,FA,اخبار استان,https://tehranonline.ir/rss,فعال
522,ایسفهان امروز,Isfahan Today,رسانه استانی,اصفهان,FA,اخبار استان,https://www.isfahanemrooz.ir/fa/rss/allnews,فعال
523,ایسنا اصفهان,ISNA Isfahan,رسانه استانی,اصفهان,FA,اخبار استان,https://www.isna.ir/rss/province/5,فعال
524,مهر اصفهان,Mehr Isfahan,رسانه استانی,اصفهان,FA,اخبار استان,https://www.mehrnews.com/rss/pl/5,فعال
525,خبرگزاری اصفهان,Isfahan Agency,رسانه استانی,اصفهان,FA,اخبار استان,https://isfahan.isna.ir/rss,فعال
526,آستان قدس رضوی,Astan Quds,رسانه استانی,خراسان رضوی,FA,اخبار استان,https://www.aqr.ir/rss,فعال
527,ایسنا مشهد,ISNA Mashhad,رسانه استانی,خراسان رضوی,FA,اخبار استان,https://www.isna.ir/rss/province/9,فعال
528,مهر مشهد,Mehr Mashhad,رسانه استانی,خراسان رضوی,FA,اخبار استان,https://www.mehrnews.com/rss/pl/15,فعال
529,خراسان رضوی,Khorasan Razavi,رسانه استانی,خراسان رضوی,FA,اخبار استان,https://news.mashhad.ir/rss,فعال
530,مشهد پرس,Mashhad Press,رسانه استانی,خراسان رضوی,FA,اخبار استان,https://mashhad-press.ir/rss,فعال
531,تبریز پرس,Tabriz Press,رسانه استانی,آذربایجان شرقی,FA,اخبار استان,https://www.tabrizpress.ir/rss,فعال
532,ایسنا تبریز,ISNA Tabriz,رسانه استانی,آذربایجان شرقی,FA,اخبار استان,https://www.isna.ir/rss/province/2,فعال
533,مهر تبریز,Mehr Tabriz,رسانه استانی,آذربایجان شرقی,FA,اخبار استان,https://www.mehrnews.com/rss/pl/2,فعال
534,آذر نیوز,Azer News,رسانه استانی,آذربایجان شرقی,FA,اخبار استان,https://www.azernews.ir/rss,فعال
535,ارومیه پرس,Urmia Press,رسانه استانی,آذربایجان غربی,FA,اخبار استان,https://urmia-press.ir/rss,فعال
536,مهر ارومیه,Mehr Urmia,رسانه استانی,آذربایجان غربی,FA,اخبار استان,https://www.mehrnews.com/rss/pl/3,فعال
537,ایسنا ارومیه,ISNA Urmia,رسانه استانی,آذربایجان غربی,FA,اخبار استان,https://www.isna.ir/rss/province/3,فعال
538,ایسنا اهواز,ISNA Ahvaz,رسانه استانی,خوزستان,FA,اخبار استان,https://www.isna.ir/rss/province/13,فعال
539,مهر اهواز,Mehr Ahvaz,رسانه استانی,خوزستان,FA,اخبار استان,https://www.mehrnews.com/rss/pl/11,فعال
540,اهواز نیوز,Ahvaz News,رسانه استانی,خوزستان,FA,اخبار استان,https://ahvaznews.ir/rss,فعال
541,خبر جنوب,Khabar Jonoob,رسانه استانی,خوزستان,FA,اخبار استان,https://www.khabarjonoob.ir/rss,فعال
542,ایسنا شیراز,ISNA Shiraz,رسانه استانی,فارس,FA,اخبار استان,https://www.isna.ir/rss/province/10,فعال
543,مهر شیراز,Mehr Shiraz,رسانه استانی,فارس,FA,اخبار استان,https://www.mehrnews.com/rss/pl/10,فعال
544,شیراز نیوز,Shiraz News,رسانه استانی,فارس,FA,اخبار استان,https://shiraznews.com/rss,فعال
545,ایسنا رشت,ISNA Rasht,رسانه استانی,گیلان,FA,اخبار استان,https://www.isna.ir/rss/province/14,فعال
546,مهر رشت,Mehr Rasht,رسانه استانی,گیلان,FA,اخبار استان,https://www.mehrnews.com/rss/pl/13,فعال
547,گیل‌خبر,Gil Khabar,رسانه استانی,گیلان,FA,اخبار استان,https://gilkhabar.ir/rss,فعال
548,خبر گیلان,Khabar Gilan,رسانه استانی,گیلان,FA,اخبار استان,https://khabargilan.ir/rss,فعال
549,ایسنا مازندران,ISNA Mazandaran,رسانه استانی,مازندران,FA,اخبار استان,https://www.isna.ir/rss/province/19,فعال
550,مهر ساری,Mehr Sari,رسانه استانی,مازندران,FA,اخبار استان,https://www.mehrnews.com/rss/pl/17,فعال
551,مازندران نیوز,Mazandaran News,رسانه استانی,مازندران,FA,اخبار استان,https://www.mazandnews.com/rss,فعال
552,شمال نیوز,Shomal News,رسانه استانی,مازندران,FA,اخبار استان,https://www.shomalnews.com/rss,فعال
553,ایسنا کرمان,ISNA Kerman,رسانه استانی,کرمان,FA,اخبار استان,https://www.isna.ir/rss/province/16,فعال
554,مهر کرمان,Mehr Kerman,رسانه استانی,کرمان,FA,اخبار استان,https://www.mehrnews.com/rss/pl/16,فعال
555,کرمان امروز,Kerman Today,رسانه استانی,کرمان,FA,اخبار استان,https://kermaemrooz.ir/rss,فعال
556,ایسنا کرمانشاه,ISNA Kermanshah,رسانه استانی,کرمانشاه,FA,اخبار استان,https://www.isna.ir/rss/province/15,فعال
557,مهر کرمانشاه,Mehr Kermanshah,رسانه استانی,کرمانشاه,FA,اخبار استان,https://www.mehrnews.com/rss/pl/18,فعال
558,کرمانشاه‌پرس,Kermanshah Press,رسانه استانی,کرمانشاه,FA,اخبار استان,https://kermanshahpress.ir/rss,فعال
559,ایسنا همدان,ISNA Hamadan,رسانه استانی,همدان,FA,اخبار استان,https://www.isna.ir/rss/province/24,فعال
560,مهر همدان,Mehr Hamadan,رسانه استانی,همدان,FA,اخبار استان,https://www.mehrnews.com/rss/pl/24,فعال
561,همدان‌خبر,Hamadan Khabar,رسانه استانی,همدان,FA,اخبار استان,https://hamadankhabar.ir/rss,فعال
562,ایسنا اردبیل,ISNA Ardabil,رسانه استانی,اردبیل,FA,اخبار استان,https://www.isna.ir/rss/province/4,فعال
563,مهر اردبیل,Mehr Ardabil,رسانه استانی,اردبیل,FA,اخبار استان,https://www.mehrnews.com/rss/pl/4,فعال
564,ایسنا لرستان,ISNA Lorestan,رسانه استانی,لرستان,FA,اخبار استان,https://www.isna.ir/rss/province/18,فعال
565,مهر لرستان,Mehr Lorestan,رسانه استانی,لرستان,FA,اخبار استان,https://www.mehrnews.com/rss/pl/25,فعال
566,ایسنا ایلام,ISNA Ilam,رسانه استانی,ایلام,FA,اخبار استان,https://www.isna.ir/rss/province/27,فعال
567,ایسنا بوشهر,ISNA Bushehr,رسانه استانی,بوشهر,FA,اخبار استان,https://www.isna.ir/rss/province/6,فعال
568,مهر بوشهر,Mehr Bushehr,رسانه استانی,بوشهر,FA,اخبار استان,https://www.mehrnews.com/rss/pl/7,فعال
569,ایسنا هرمزگان,ISNA Hormozgan,رسانه استانی,هرمزگان,FA,اخبار استان,https://www.isna.ir/rss/province/28,فعال
570,هرمزگان نیوز,Hormozgan News,رسانه استانی,هرمزگان,FA,اخبار استان,https://hormozgannews.ir/rss,فعال
571,جنوب نیوز,Jonoob News,رسانه استانی,هرمزگان,FA,اخبار استان,https://jonoob.news/rss,فعال
572,ایسنا زاهدان,ISNA Zahedan,رسانه استانی,سیستان و بلوچستان,FA,اخبار استان,https://www.isna.ir/rss/province/22,فعال
573,مهر زاهدان,Mehr Zahedan,رسانه استانی,سیستان و بلوچستان,FA,اخبار استان,https://www.mehrnews.com/rss/pl/22,فعال
574,ایسنا گلستان,ISNA Golestan,رسانه استانی,گلستان,FA,اخبار استان,https://www.isna.ir/rss/province/26,فعال
575,مهر گرگان,Mehr Gorgan,رسانه استانی,گلستان,FA,اخبار استان,https://www.mehrnews.com/rss/pl/20,فعال
576,ایسنا خراسان شمالی,ISNA N.Khorasan,رسانه استانی,خراسان شمالی,FA,اخبار استان,https://www.isna.ir/rss/province/30,فعال
577,ایسنا خراسان جنوبی,ISNA S.Khorasan,رسانه استانی,خراسان جنوبی,FA,اخبار استان,https://www.isna.ir/rss/province/29,فعال
578,ایسنا یزد,ISNA Yazd,رسانه استانی,یزد,FA,اخبار استان,https://www.isna.ir/rss/province/25,فعال
579,مهر یزد,Mehr Yazd,رسانه استانی,یزد,FA,اخبار استان,https://www.mehrnews.com/rss/pl/23,فعال
580,یزد فردا,Yazd Farda,رسانه استانی,یزد,FA,اخبار استان,https://yazdfarda.com/rss,فعال
581,ایسنا سمنان,ISNA Semnan,رسانه استانی,سمنان,FA,اخبار استان,https://www.isna.ir/rss/province/21,فعال
582,مهر سمنان,Mehr Semnan,رسانه استانی,سمنان,FA,اخبار استان,https://www.mehrnews.com/rss/pl/21,فعال
583,ایسنا قم,ISNA Qom,رسانه استانی,قم,FA,اخبار استان,https://www.isna.ir/rss/province/20,فعال
584,مهر قم,Mehr Qom,رسانه استانی,قم,FA,اخبار استان,https://www.mehrnews.com/rss/pl/26,فعال
585,قم‌پرس,Qom Press,رسانه استانی,قم,FA,اخبار استان,https://qompress.ir/rss,فعال
586,ایسنا قزوین,ISNA Qazvin,رسانه استانی,قزوین,FA,اخبار استان,https://www.isna.ir/rss/province/11,فعال
587,مهر قزوین,Mehr Qazvin,رسانه استانی,قزوین,FA,اخبار استان,https://www.mehrnews.com/rss/pl/12,فعال
588,ایسنا زنجان,ISNA Zanjan,رسانه استانی,زنجان,FA,اخبار استان,https://www.isna.ir/rss/province/12,فعال
589,مهر زنجان,Mehr Zanjan,رسانه استانی,زنجان,FA,اخبار استان,https://www.mehrnews.com/rss/pl/14,فعال
590,ایسنا چهارمحال,ISNA Chaharmahal,رسانه استانی,چهارمحال و بختیاری,FA,اخبار استان,https://www.isna.ir/rss/province/7,فعال
591,مهر شهرکرد,Mehr Shahrekord,رسانه استانی,چهارمحال و بختیاری,FA,اخبار استان,https://www.mehrnews.com/rss/pl/8,فعال
592,ایسنا کهگیلویه,ISNA Kohgiluyeh,رسانه استانی,کهگیلویه و بویراحمد,FA,اخبار استان,https://www.isna.ir/rss/province/17,فعال
593,ایسنا اراک,ISNA Arak,رسانه استانی,مرکزی,FA,اخبار استان,https://www.isna.ir/rss/province/8,فعال
594,مهر اراک,Mehr Arak,رسانه استانی,مرکزی,FA,اخبار استان,https://www.mehrnews.com/rss/pl/27,فعال
595,ایسنا البرز,ISNA Alborz,رسانه استانی,البرز,FA,اخبار استان,https://www.isna.ir/rss/province/32,فعال
596,مهر کرج,Mehr Karaj,رسانه استانی,البرز,FA,اخبار استان,https://www.mehrnews.com/rss/pl/31,فعال
597,مهر بجنورد,Mehr Bojnoord,رسانه استانی,خراسان شمالی,FA,اخبار استان,https://www.mehrnews.com/rss/pl/29,فعال
598,دولت,Government of Iran,رسانه دولتی,سراسری,FA,همه اخبار,https://www.dolat.ir/rss,فعال
599,رئیس‌جمهور,President.ir,رسانه دولتی,سراسری,FA,همه اخبار,https://www.president.ir/fa/rss/allnews,فعال
600,رئیس‌جمهور,President.ir,رسانه دولتی,سراسری,FA,اخبار,https://www.president.ir/fa/rss/tp/1,فعال
601,وزارت خارجه,Ministry of FA,رسانه دولتی,سراسری,FA,همه اخبار,https://www.mfa.ir/fa/rss/allnews,فعال
602,وزارت خارجه انگلیسی,MFA English,رسانه دولتی,سراسری,EN,همه اخبار,https://en.mfa.ir/rss,فعال
603,وزارت کشور,Ministry of Interior,رسانه دولتی,سراسری,FA,همه اخبار,https://www.moi.ir/rss,فعال
604,وزارت اقتصاد,Ministry of Economy,رسانه دولتی,سراسری,FA,همه اخبار,https://www.mefa.ir/rss,فعال
605,بانک مرکزی,Central Bank,رسانه دولتی,سراسری,FA,همه اخبار,https://www.cbi.ir/page/rss.aspx,فعال
606,صدا و سیما,IRIB,رسانه دولتی,سراسری,FA,همه اخبار,https://www.irib.ir/rss,فعال
607,پارلمان‌نیوز,Parliament News,رسانه دولتی,سراسری,FA,همه اخبار,https://www.parliran.ir/majles/fa/rss,فعال
608,مجلس شورای اسلامی,Majles,رسانه دولتی,سراسری,FA,مجلس,https://icana.ir/Fa/News/RSS,فعال
609,صندوق توسعه ملی,National Dev Fund,رسانه دولتی,سراسری,FA,همه اخبار,https://www.ndf.ir/rss,فعال
610,سازمان برنامه,Planning Org,رسانه دولتی,سراسری,FA,همه اخبار,https://www.mporg.ir/rss,فعال
611,شهرداری تهران,Tehran Municipality,رسانه دولتی,تهران,FA,همه اخبار,https://www.tehran.ir/rss,فعال
612,شهرداری مشهد,Mashhad Municipality,رسانه دولتی,خراسان رضوی,FA,همه اخبار,https://www.mashhad.ir/rss,فعال
613,شهرداری اصفهان,Isfahan Municipality,رسانه دولتی,اصفهان,FA,همه اخبار,https://www.isfahan.ir/rss,فعال
614,روزنامه پیام ما,Payam Ma,روزنامه,سراسری,FA,همه اخبار,https://payam-ma.ir/feed,فعال
615,خبرگزاری تحلیل بازار,Market Analysis,رسانه اقتصادی,سراسری,FA,همه اخبار,https://tahlilbazar.com/rss,فعال
616,فرارو,Fararu,پایگاه خبری آنلاین,سراسری,FA,همه اخبار,https://fararu.com/fa/rss/allnews,فعال
617,فرارو,Fararu,پایگاه خبری آنلاین,سراسری,FA,سیاسی,https://fararu.com/fa/rss/tp/1,فعال
618,فرارو,Fararu,پایگاه خبری آنلاین,سراسری,FA,اقتصادی,https://fararu.com/fa/rss/tp/2,فعال
619,فرارو,Fararu,پایگاه خبری آنلاین,سراسری,FA,فرهنگی,https://fararu.com/fa/rss/tp/4,فعال
620,فرارو,Fararu,پایگاه خبری آنلاین,سراسری,FA,جهان,https://fararu.com/fa/rss/tp/5,فعال
621,بازخورد,Bazkhord,پایگاه خبری آنلاین,سراسری,FA,همه اخبار,https://www.bazkhord.com/rss,فعال
622,نصیر نیوز,Nasirnews,پایگاه خبری آنلاین,سراسری,FA,همه اخبار,https://www.nasirnews.com/fa/rss/allnews,فعال
623,پارسینه,Parsine,پایگاه خبری آنلاین,سراسری,FA,همه اخبار,https://www.parsine.com/fa/rss/allnews,فعال
624,پارسینه,Parsine,پایگاه خبری آنلاین,سراسری,FA,سیاسی,https://www.parsine.com/fa/rss/tp/1,فعال
625,پارسینه,Parsine,پایگاه خبری آنلاین,سراسری,FA,اقتصادی,https://www.parsine.com/fa/rss/tp/2,فعال
626,پارسینه,Parsine,پایگاه خبری آنلاین,سراسری,FA,فرهنگی,https://www.parsine.com/fa/rss/tp/4,فعال
627,پارسینه,Parsine,پایگاه خبری آنلاین,سراسری,FA,اجتماعی,https://www.parsine.com/fa/rss/tp/3,فعال
628,جهان نیوز,Jahannews,پایگاه خبری آنلاین,سراسری,FA,همه اخبار,https://www.jahannews.com/fa/rss/allnews,فعال
629,جهان نیوز,Jahannews,پایگاه خبری آنلاین,سراسری,FA,سیاسی,https://www.jahannews.com/fa/rss/tp/1,فعال
630,جهان نیوز,Jahannews,پایگاه خبری آنلاین,سراسری,FA,اقتصادی,https://www.jahannews.com/fa/rss/tp/2,فعال
631,روکنا,Rokna,پایگاه خبری آنلاین,سراسری,FA,همه اخبار,https://rokna.net/fa/rss/allnews,فعال
632,روکنا,Rokna,پایگاه خبری آنلاین,سراسری,FA,سیاسی,https://rokna.net/fa/rss/tp/1,فعال
633,روکنا,Rokna,پایگاه خبری آنلاین,سراسری,FA,اقتصادی,https://rokna.net/fa/rss/tp/2,فعال
634,روکنا,Rokna,پایگاه خبری آنلاین,سراسری,FA,اجتماعی,https://rokna.net/fa/rss/tp/3,فعال
635,هفت صبح,Haft Sobh,پایگاه خبری آنلاین,سراسری,FA,همه اخبار,https://7sobh.news/rss,فعال
636,آنا,ANA,پایگاه خبری آنلاین,سراسری,FA,همه اخبار,https://www.ana.ir/fa/rss/allnews,فعال
637,آنا,ANA,پایگاه خبری آنلاین,سراسری,FA,دانشگاهی,https://www.ana.ir/fa/rss/tp/1,فعال
638,آنا,ANA,پایگاه خبری آنلاین,سراسری,FA,علمی,https://www.ana.ir/fa/rss/tp/2,فعال
639,ولی‌عصر,Valiasr,پایگاه خبری آنلاین,سراسری,FA,همه اخبار,https://velayatnews.ir/rss,فعال
640,دیده‌بان ایران,Didban Iran,پایگاه خبری آنلاین,سراسری,FA,همه اخبار,https://www.didban.ir/fa/rss/allnews,فعال
641,خبرگزاری فعال,Faal News,پایگاه خبری آنلاین,سراسری,FA,همه اخبار,https://faal.ir/rss,فعال
642,ایران اکونومیست,Iran Economist,رسانه اقتصادی,سراسری,EN,همه اخبار,https://www.iraneconomist.com/rss,فعال
643,تجارت آنلاین,Tejarat Online,رسانه اقتصادی,سراسری,FA,همه اخبار,https://tejaratnews.com/fa/rss/allnews,فعال
644,تجارت آنلاین,Tejarat Online,رسانه اقتصادی,سراسری,FA,بورس,https://tejaratnews.com/fa/rss/tp/1,فعال
645,تجارت آنلاین,Tejarat Online,رسانه اقتصادی,سراسری,FA,ارز,https://tejaratnews.com/fa/rss/tp/2,فعال
646,تجارت آنلاین,Tejarat Online,رسانه اقتصادی,سراسری,FA,مسکن,https://tejaratnews.com/fa/rss/tp/3,فعال
647,صبح‌اقتصاد,Sobh Eqtesad,رسانه اقتصادی,سراسری,FA,همه اخبار,https://sobheghtesad.ir/rss,فعال
648,خبر اقتصادی,Khabar Eqtesadi,رسانه اقتصادی,سراسری,FA,همه اخبار,https://www.khabareqtesadi.com/rss,فعال
649,ابرار اقتصاد,Abrar Eqtesad,رسانه اقتصادی,سراسری,FA,همه اخبار,https://www.abrareqtesadi.ir/fa/rss/allnews,فعال
650,بازار,Bazar,رسانه اقتصادی,سراسری,FA,همه اخبار,https://www.bazarnews.ir/rss,فعال
651,اقتصاد مقاومتی,Eqtesad Moghavemati,رسانه اقتصادی,سراسری,FA,همه اخبار,https://em.ir/rss,فعال
652,آخرین‌خبر,Akharin Khabar,پایگاه خبری آنلاین,سراسری,FA,همه اخبار,https://www.akharin-khabar.ir/rss,فعال
653,سخن‌نیوز,Sokhan News,پایگاه خبری آنلاین,سراسری,FA,همه اخبار,https://sokhan-news.ir/rss,فعال
654,صبح اینجا,Sobh Inja,پایگاه خبری آنلاین,سراسری,FA,همه اخبار,https://sobhinja.ir/rss,فعال
655,پایگاه خبری تحلیلی,Analytical News,پایگاه خبری آنلاین,سراسری,FA,همه اخبار,https://tahlilnews.ir/rss,فعال
656,خبر شهر,Khabar Shahr,پایگاه خبری آنلاین,سراسری,FA,همه اخبار,https://khabarshahr.ir/rss,فعال
657,نامه‌نیوز,Namenews,پایگاه خبری آنلاین,سراسری,FA,همه اخبار,https://www.namehnews.ir/fa/rss/allnews,فعال
658,پارلمان‌نیوز,Parliament News,پایگاه خبری آنلاین,سراسری,FA,همه اخبار,https://parlemannews.ir/rss,فعال
659,سواد,Savad,پایگاه خبری آنلاین,سراسری,FA,همه اخبار,https://savadmag.ir/feed,فعال
660,مردم‌سالاری,Mardomsalari,روزنامه,سراسری,FA,همه اخبار,https://www.mardomsalari.ir/rss/allnews,فعال
661,مردم‌سالاری,Mardomsalari,روزنامه,سراسری,FA,سیاسی,https://www.mardomsalari.ir/rss/tp/1,فعال
662,مردم‌سالاری,Mardomsalari,روزنامه,سراسری,FA,اقتصادی,https://www.mardomsalari.ir/rss/tp/2,فعال
663,سیاست‌روز,Siasat Ruz,روزنامه,سراسری,FA,همه اخبار,https://www.siyasatrooz.ir/fa/rss/allnews,فعال
664,ابرار,Abrar,روزنامه,سراسری,FA,همه اخبار,https://abrar.ir/fa/rss/allnews,فعال
665,آرمان‌ملی,Arman Melli,روزنامه,سراسری,FA,همه اخبار,https://www.armandaily.ir/fa/rss/allnews,فعال
666,آرمان‌ملی,Arman Melli,روزنامه,سراسری,FA,سیاسی,https://www.armandaily.ir/fa/rss/tp/1,فعال
667,رویداد ۲۴,Rouydad24,پایگاه خبری آنلاین,سراسری,FA,همه اخبار,https://www.rouydad24.ir/fa/rss/allnews,فعال
668,رویداد ۲۴,Rouydad24,پایگاه خبری آنلاین,سراسری,FA,سیاسی,https://www.rouydad24.ir/fa/rss/tp/1,فعال
669,رویداد ۲۴,Rouydad24,پایگاه خبری آنلاین,سراسری,FA,اقتصادی,https://www.rouydad24.ir/fa/rss/tp/2,فعال
670,رویداد ۲۴,Rouydad24,پایگاه خبری آنلاین,سراسری,FA,اجتماعی,https://www.rouydad24.ir/fa/rss/tp/3,فعال
671,تریبون,Tribuneh,پایگاه خبری آنلاین,سراسری,FA,همه اخبار,https://www.tribuneh.com/rss,فعال
672,میدان,Meydan,پایگاه خبری آنلاین,سراسری,FA,همه اخبار,https://meydaan.org/fa/rss,فعال
673,فراز,Faraz,پایگاه خبری آنلاین,سراسری,FA,همه اخبار,https://www.faraznews.ir/fa/rss/allnews,فعال
674,سپیده‌دم,Sepidehdam,پایگاه خبری آنلاین,سراسری,FA,همه اخبار,https://sepidehdam.com/rss,فعال
